work_year,experience_level,employment_type,employee_residence,remote_ratio,company_location,company_size,salary
2022,3,2,26,0,25,1,36773
2023,2,2,75,100,70,1,151800
2022,3,2,75,0,70,1,100000
2022,3,2,75,100,70,1,156600
2023,3,2,75,100,70,1,175000
2023,3,2,75,100,70,1,220000
2023,3,2,75,100,70,1,104650
2022,2,2,29,0,28,1,51716
2022,2,2,75,100,70,1,90000
2023,3,2,75,0,70,1,140000
2021,0,2,75,100,70,1,100000
2023,2,2,75,0,70,1,106250
2023,3,2,75,0,70,1,215000
2022,2,2,75,100,70,1,135000
2022,3,2,75,0,70,1,164996
2022,2,2,75,0,70,1,216200
2022,0,2,75,100,70,1,100000
2022,2,2,29,0,28,1,430967
2023,2,2,75,100,70,1,60400
2023,3,2,75,0,70,1,125000
2022,3,2,75,100,70,1,208000
2023,1,2,75,100,70,1,221000
2023,3,2,75,0,70,1,185900
2023,3,2,75,0,70,1,175000
2023,3,2,11,0,12,1,219000
2022,3,2,75,100,70,2,120000
2022,3,2,29,100,28,1,82280
2023,2,2,29,100,28,1,58331
2022,3,2,75,100,70,1,66000
2022,3,2,75,0,70,1,150000
2022,2,2,9,100,70,1,75000
2022,2,2,5,0,6,0,83171
2021,2,2,20,100,70,2,95746
2020,2,2,20,0,20,0,79833
2022,3,2,75,0,70,1,130000
2023,3,2,75,0,70,1,100000
2023,3,2,75,0,70,1,145000
2022,2,2,75,0,70,0,113000
2023,3,2,75,0,70,1,180000
2022,3,2,75,100,70,1,230000
2023,0,2,75,0,70,1,145885
2023,0,2,75,0,70,0,110680
2020,0,3,42,50,41,2,21669
2022,3,2,75,0,70,1,204500
2022,2,2,31,100,30,1,63040
2022,2,2,75,100,70,1,130000
2023,3,2,75,0,70,1,225000
2022,3,2,75,0,70,1,130000
2023,3,2,75,100,70,1,225000
2023,3,2,75,100,70,1,110000
2023,3,2,75,0,70,1,106020
2023,3,2,75,100,70,1,170000
2022,3,2,75,0,70,0,202800
2022,1,2,75,100,70,1,110000
2022,3,2,75,100,70,1,140000
2022,3,2,75,100,70,1,170000
2023,3,2,75,0,70,1,245000
2023,3,2,75,0,70,1,133300
2021,2,3,39,50,38,1,5409
2020,3,2,75,50,70,0,150000
2022,3,2,75,100,70,1,150000
2023,3,2,75,100,70,1,201450
2022,2,2,29,100,28,1,73880
2022,3,2,75,0,70,1,142200
2022,3,2,75,0,70,0,105700
2023,3,2,75,100,70,1,100000
2022,3,2,75,0,70,1,129300
2023,3,2,75,0,70,1,253200
2022,2,2,75,0,70,1,24000
2022,2,2,11,100,12,1,76814
2023,0,2,75,0,70,1,135000
2023,3,2,75,100,70,1,140000
2023,2,2,75,0,70,1,170000
2023,3,2,75,0,70,1,105500
2022,0,2,75,100,70,1,120000
2023,3,2,75,0,70,1,147000
2023,3,2,75,100,70,1,115000
2023,2,2,75,0,70,1,150000
2023,3,2,16,0,17,1,48000
2023,2,2,75,0,70,1,195000
2022,3,2,75,0,70,1,130000
2022,0,2,75,100,70,2,55000
2022,3,2,75,0,70,1,172200
2023,3,2,75,0,70,1,145900
2023,3,2,75,0,70,1,189110
2022,3,2,75,100,70,1,212800
2022,3,2,75,100,70,1,210000
2022,3,2,75,100,70,1,182500
2022,2,2,11,100,12,1,67597
2023,3,2,11,100,12,1,145000
2023,3,2,75,100,70,1,140000
2022,3,2,75,0,70,1,160080
2022,2,2,75,0,70,1,150000
2022,2,2,29,0,28,1,80036
2023,3,2,38,0,37,0,423834
2023,3,2,12,100,13,1,42533
2022,3,2,26,0,25,1,47280
2023,3,2,75,0,70,1,70000
2023,3,2,75,100,70,1,75000
2022,3,2,75,100,70,1,161000
2022,3,2,75,100,70,1,275000
2023,3,2,75,0,70,1,150000
2021,2,2,39,0,38,2,9466
2023,2,2,75,0,70,1,175000
2020,3,2,54,0,51,2,33511
2022,3,2,75,0,70,0,198440
2023,3,2,75,0,70,1,170000
2023,3,2,75,0,70,1,147100
2022,3,2,75,100,70,1,166000
2022,0,2,5,50,6,1,83171
2023,2,2,75,0,70,1,61200
2023,3,2,75,0,70,1,80000
2023,3,2,75,0,70,1,241000
2023,3,2,75,0,70,1,113000
2022,3,2,75,100,70,1,153000
2020,0,2,60,100,20,0,54742
2022,3,2,11,100,12,1,227200
2022,1,2,75,100,70,2,180000
2023,3,2,75,0,70,1,150000
2023,3,2,75,0,70,1,183600
2021,2,2,75,50,70,0,423000
2023,2,2,75,0,70,1,147000
2023,0,2,75,100,70,1,75000
2022,2,2,10,100,10,1,84000
2022,0,2,75,100,18,2,50000
2022,3,2,75,100,70,1,130000
2022,2,2,39,100,38,1,17805
2023,2,2,26,50,25,0,38631
2022,3,2,75,100,70,1,165000
2021,2,2,68,100,37,1,119059
2023,0,2,75,0,70,1,75000
2023,3,2,75,0,70,1,81500
2023,3,2,75,100,70,1,115934
2023,3,2,75,0,70,1,129000
2023,3,2,75,100,70,1,180000
2023,3,2,75,100,70,1,121600
2022,0,2,57,100,54,0,59888
2023,1,2,75,0,70,1,150900
2022,3,2,75,100,70,1,146000
2023,3,2,75,100,70,1,193000
2022,3,2,75,100,70,1,138750
2022,1,2,39,50,38,0,76309
2022,3,2,75,0,70,1,195700
2023,3,2,75,0,70,0,159100
2023,3,2,75,0,70,1,133300
2023,3,2,75,100,70,1,145000
2023,3,2,75,0,70,1,170000
2023,3,2,75,100,70,1,165000
2022,2,2,11,50,12,0,69133
2023,2,2,75,0,70,1,149600
2022,3,2,75,0,70,1,247500
2022,2,2,75,0,70,1,130000
2022,3,2,75,0,70,1,78000
2023,3,2,75,100,70,1,93800
2023,3,2,75,0,70,1,300240
2023,3,2,75,0,70,1,140000
2023,3,2,75,100,70,1,130000
2023,3,2,75,0,70,1,122700
2023,3,2,75,100,70,1,190000
2022,3,2,75,100,70,1,115000
2022,1,2,75,0,70,1,222640
2022,1,2,75,100,70,1,159000
2023,3,2,75,0,70,1,109400
2023,2,2,75,0,70,1,80000
2023,0,2,75,0,70,1,124234
2023,3,2,75,0,70,1,153400
2023,3,2,75,0,70,1,142200
2023,3,2,75,0,70,1,252000
2023,3,2,75,0,70,1,185000
2022,0,2,75,0,70,1,65000
2023,3,2,75,0,70,1,105200
2022,2,2,75,0,70,1,120000
2023,2,2,27,0,26,1,75020
2023,3,2,75,0,70,1,163800
2023,3,2,75,0,70,1,245100
2022,3,2,75,100,70,1,230000
2022,3,2,75,100,70,1,175000
2023,3,2,75,100,70,1,288000
2023,3,2,75,0,70,1,116000
2023,3,2,75,0,70,1,142200
2023,3,2,75,0,70,1,167500
2023,3,2,75,0,70,1,291500
2022,3,2,75,0,70,0,160000
2023,2,2,75,0,70,1,120000
2023,3,2,75,0,70,1,170000
2022,2,2,75,100,70,1,115500
2022,3,2,75,0,70,1,100000
2023,2,2,75,0,70,1,120000
2022,2,0,39,100,70,2,60000
2022,3,2,75,0,70,1,172200
2022,3,2,75,100,70,1,127000
2023,3,2,75,0,70,1,180000
2023,0,2,75,100,70,1,62000
2022,2,2,75,0,70,1,100000
2022,2,2,75,0,70,1,105000
2022,0,2,11,100,12,0,51081
2023,3,2,57,50,54,0,100000
2022,3,2,75,100,70,0,195400
2023,3,2,75,0,70,1,109400
2023,3,2,75,0,70,1,165000
2023,3,2,75,100,70,1,136000
2022,2,2,75,100,70,1,160000
2023,0,2,75,0,70,1,190000
2022,2,2,75,100,70,1,100000
2023,3,2,75,0,70,1,140000
2023,3,2,75,0,70,1,145000
2023,3,2,75,100,70,1,201450
2022,3,2,75,0,70,1,95000
2023,3,2,75,100,70,1,262000
2023,2,2,29,0,28,1,127599
2023,3,2,75,0,70,1,148750
2022,3,2,75,100,70,1,188700
2022,2,2,11,0,12,1,65000
2023,3,2,75,100,70,1,183000
2022,3,2,75,100,70,1,117000
2021,0,2,45,100,43,2,9272
2020,3,2,61,100,28,2,114047
2023,3,2,75,0,70,1,133300
2023,3,2,75,100,70,1,130000
2023,2,2,75,0,70,1,90000
2022,3,2,75,0,70,0,159000
2022,3,2,29,0,28,1,103432
2021,3,2,75,100,70,0,174000
2023,3,2,75,0,70,1,81500
2023,3,2,75,100,70,1,154600
2022,2,2,29,100,28,1,86193
2023,3,2,26,100,25,1,55800
2023,2,2,75,100,70,1,120000
2022,3,2,75,0,70,1,300000
2022,3,2,75,100,70,1,141525
2022,2,2,75,0,70,1,102100
2022,3,2,75,100,70,1,136600
2023,3,2,75,100,70,1,80000
2023,3,2,75,0,70,1,64980
2022,3,2,75,100,70,1,149040
2023,3,2,75,0,70,1,113000
2022,3,2,75,100,70,1,142127
2023,3,2,75,0,70,1,95000
2022,3,2,75,100,70,1,205000
2023,3,2,75,0,70,1,120000
2022,3,2,75,100,70,1,175000
2023,2,2,75,0,70,1,148500
2022,3,2,75,100,70,1,155000
2022,3,2,75,100,70,1,125000
2022,3,2,75,100,70,1,150000
2023,2,2,75,0,70,1,95000
2022,0,2,75,100,70,0,57000
2022,3,2,75,100,70,1,184000
2023,2,2,75,0,70,1,90000
2021,3,2,7,50,8,1,82744
2023,3,2,75,100,70,1,160000
2022,2,2,73,0,68,1,10000
2022,3,2,75,0,70,0,215000
2022,3,2,75,100,70,1,69000
2023,2,2,75,0,70,1,90000
2022,3,2,75,100,70,1,180000
2022,2,2,11,100,12,2,75000
2022,3,2,75,100,70,1,140000
2022,3,2,75,0,70,1,250000
2022,3,2,75,0,70,1,132000
2022,3,2,75,100,70,1,185100
2022,3,2,75,0,70,1,160000
2022,3,2,75,100,70,1,136994
2022,2,2,29,0,28,1,86193
2022,3,2,75,0,70,1,100000
2023,3,2,75,0,70,1,74178
2023,3,2,75,0,70,1,252000
2020,2,2,29,50,28,0,112872
2022,1,2,75,100,70,1,167875
2023,3,2,75,0,70,1,120000
2023,3,2,75,0,70,1,139500
2022,3,2,75,0,70,0,119300
2022,3,2,75,100,70,0,131300
2022,3,2,75,100,70,1,235000
2023,3,2,75,100,70,1,210000
2023,3,2,75,0,70,1,82365
2023,3,2,75,100,70,1,160000
2023,2,2,28,50,27,0,40000
2022,0,2,10,100,10,0,7799
2023,3,2,75,0,70,1,204500
2022,3,2,75,100,70,1,220000
2023,3,2,75,0,70,1,170000
2022,2,2,75,0,70,1,134000
2023,1,2,75,0,70,1,185000
2023,3,2,75,100,70,1,170000
2022,2,2,75,0,70,1,115000
2020,3,2,58,50,55,2,125000
2020,2,2,63,0,60,1,50180
2023,2,2,26,0,25,1,59020
2022,3,2,75,0,70,1,175000
2023,3,2,75,0,70,1,167580
2022,2,2,75,0,70,1,160000
2022,2,2,75,100,70,1,112000
2023,2,2,75,0,70,1,100000
2022,3,2,75,0,70,1,220000
2023,0,2,75,0,70,1,120000
2023,3,2,75,0,70,0,134500
2022,3,2,75,100,70,1,175100
2023,3,2,75,0,70,1,150000
2023,0,2,75,100,70,1,75000
2023,1,2,75,0,70,1,200000
2022,3,2,75,0,70,1,70000
2021,3,2,69,100,65,0,102839
2023,3,2,75,100,70,1,213580
2022,0,2,44,100,52,0,40000
2022,2,2,75,0,70,1,150000
2023,3,2,75,0,70,1,185000
2023,2,2,75,100,70,1,180000
2023,3,2,75,0,70,1,145000
2022,1,2,75,100,70,1,224000
2022,1,2,57,0,54,0,84053
2023,3,2,75,0,70,1,210000
2022,3,2,75,0,70,1,142200
2022,2,2,29,0,28,1,172386
2022,2,2,39,50,38,0,18314
2023,3,2,75,0,70,1,65000
2023,3,2,75,100,70,1,150000
2023,3,2,75,100,70,1,235000
2023,3,2,75,100,70,1,275300
2023,3,2,75,100,70,1,112000
2023,0,2,75,100,70,1,92700
2023,3,2,75,0,70,1,162500
2023,3,2,75,0,70,1,85000
2022,1,2,75,100,70,1,242000
2022,3,2,75,0,70,1,205000
2022,3,2,75,100,70,1,106800
2023,3,2,75,0,70,1,203000
2022,3,2,75,0,70,0,154600
2022,3,2,75,0,70,1,185900
2022,3,2,75,100,70,1,243900
2023,3,2,75,0,70,1,90700
2021,3,2,20,100,20,0,79197
2023,1,2,75,100,70,1,286000
2022,2,2,75,100,70,1,60000
2023,2,2,29,0,28,1,60761
2021,2,2,75,100,70,0,112000
2022,2,2,29,0,28,1,135446
2023,3,2,75,0,70,1,150000
2023,2,2,75,100,70,1,100000
2022,3,2,75,100,70,1,116250
2023,3,2,75,0,70,1,110600
2022,3,2,75,100,70,1,117000
2023,3,2,20,0,20,1,174000
2023,3,2,75,0,70,1,180000
2023,3,2,75,100,70,1,162500
2022,3,2,75,100,70,1,81666
2023,3,2,75,0,70,1,168400
2023,0,2,75,0,70,1,125000
2022,2,2,75,100,70,1,120000
2023,3,2,75,100,70,1,130000
2023,3,2,75,0,70,1,185000
2023,3,2,75,100,70,1,225000
2023,3,2,75,100,70,1,149500
2023,3,2,75,0,70,1,129300
2021,3,2,73,50,68,0,20171
2022,2,2,29,0,28,1,70186
2021,3,2,31,100,21,0,88654
2023,3,2,75,100,70,1,259000
2023,3,2,75,0,70,1,172200
2023,3,2,75,0,70,1,185900
2022,3,2,75,100,70,0,180000
2023,3,2,75,0,70,1,183000
2022,2,2,75,100,70,1,65000
2022,1,2,75,100,70,1,200000
2022,3,2,75,100,70,1,120000
2022,3,2,75,0,70,0,180000
2023,3,2,75,100,70,1,130000
2021,2,1,42,0,70,0,20000
2023,3,2,75,0,70,1,162000
2023,3,2,75,0,70,1,119000
2023,3,2,75,0,70,1,120000
2021,2,2,39,0,38,0,22611
2023,3,2,75,0,70,1,200000
2023,3,2,75,0,70,1,163800
2020,2,2,0,0,0,0,115000
2023,3,2,75,0,70,1,153600
2022,3,2,75,100,70,1,144000
2022,3,2,75,100,70,1,89200
2023,2,2,75,0,70,1,125000
2022,3,2,75,100,70,1,81666
2023,2,2,75,0,70,1,162500
2023,3,2,75,0,70,1,191765
2023,2,2,75,0,70,1,128750
2022,2,2,5,100,6,1,53368
2023,3,2,75,100,70,1,138750
2023,3,2,75,0,70,1,175000
2022,3,2,75,100,70,1,191475
2023,3,2,75,0,70,0,350000
2021,3,2,75,0,70,0,120000
2023,3,2,75,0,70,0,260000
2021,3,2,75,50,70,2,120000
2023,3,2,75,100,70,1,170000
2023,3,2,75,100,70,1,125000
2023,3,2,75,0,70,1,174500
2023,3,2,75,0,70,1,221000
2023,3,2,75,100,70,1,158677
2023,2,2,26,100,25,1,95000
2022,2,2,29,0,28,1,118208
2023,3,2,75,100,70,1,107000
2023,3,2,75,0,70,1,153600
2022,3,2,75,0,70,1,300000
2022,2,2,75,100,70,1,159000
2021,2,2,44,50,42,2,77364
2023,3,2,75,0,70,1,156400
2023,3,2,75,100,70,1,80000
2023,2,2,75,0,70,1,250000
2023,3,2,75,100,70,1,140000
2023,2,2,75,0,70,1,130000
2021,0,2,75,0,70,2,100000
2023,3,2,75,0,70,1,200000
2023,3,2,75,100,70,1,90000
2023,3,2,11,0,12,1,190000
2022,3,2,75,100,70,1,81666
2023,3,2,75,0,70,1,250500
2022,2,2,26,100,25,1,84053
2022,2,2,75,100,70,1,180000
2023,2,2,29,0,28,1,195895
2022,1,2,75,100,70,1,200000
2022,3,2,26,100,70,1,193000
2022,3,2,75,100,70,1,110000
2023,2,2,45,100,43,2,80000
2023,3,2,29,0,28,1,101228
2022,3,2,75,0,70,1,123648
2022,3,2,75,100,70,1,192564
2022,3,2,75,100,70,1,146200
2023,3,2,75,0,70,1,113750
2023,3,2,29,0,28,1,185000
2023,3,2,75,100,70,1,200000
2023,2,2,75,0,70,1,90000
2022,3,2,75,0,70,1,95000
2023,3,2,75,0,70,0,260000
2022,3,2,75,0,70,1,119000
2022,2,2,75,100,70,1,200000
2023,3,2,75,0,70,1,160000
2023,3,2,75,0,70,1,241000
2021,2,2,75,50,70,0,115000
2022,2,2,75,0,70,1,98000
2023,3,2,75,100,70,1,123900
2023,3,2,75,100,70,1,150000
2021,0,2,20,50,20,1,24823
2022,3,2,75,100,70,1,191475
2023,2,2,75,0,70,1,162500
2023,3,2,75,0,70,0,261500
2022,3,2,75,0,70,1,80000
2023,2,2,75,0,70,1,105000
2023,3,2,75,0,70,1,106800
2022,3,2,26,0,25,1,73546
2023,3,2,75,100,70,1,193500
2023,3,2,75,100,70,1,145000
2023,3,2,75,100,70,1,115000
2022,3,2,75,0,70,1,102100
2020,2,2,4,50,5,0,74130
2023,3,2,75,100,70,1,250000
2022,3,2,75,100,70,1,110000
2022,3,2,75,0,70,1,129300
2022,3,2,75,100,70,1,81666
2023,3,2,75,0,70,1,80000
2022,1,2,75,100,70,1,210000
2023,3,2,11,0,12,1,143100
2021,2,2,5,50,6,0,75050
2021,3,2,75,100,70,0,200000
2022,3,2,75,100,70,1,162000
2022,3,2,75,100,70,1,140000
2022,3,2,75,100,70,2,55000
2021,0,2,68,50,64,0,66970
2020,3,2,75,100,70,0,188000
2023,3,2,75,0,70,1,180000
2022,2,2,11,0,12,1,75000
2023,2,2,75,0,70,1,250000
2023,3,2,75,0,70,1,132300
2022,2,2,29,100,28,1,80036
2023,3,2,75,0,70,1,145000
2023,3,2,75,0,70,1,120000
2021,3,2,11,50,12,1,99703
2023,3,2,75,100,70,1,165000
2023,3,2,75,0,70,1,174500
2023,1,2,75,0,70,1,155000
2021,0,2,29,50,28,0,45390
2022,3,2,11,100,12,1,116100
2022,3,2,75,100,70,1,375000
2022,3,2,75,0,70,1,250000
2022,2,2,11,0,12,1,100000
2023,2,2,75,0,70,1,187500
2021,3,2,77,100,28,1,50000
2022,3,2,75,0,70,1,169000
2022,3,2,75,0,70,0,229998
2021,2,2,26,50,61,1,60000
2023,3,2,75,0,70,1,121700
2023,3,2,75,0,70,1,135000
2022,3,2,75,100,70,1,136620
2022,3,2,75,100,70,0,183000
2022,3,2,75,0,70,1,193900
2022,3,2,75,100,70,1,136000
2023,0,2,75,100,70,1,75000
2021,0,3,26,50,25,1,10354
2020,2,2,59,100,70,2,45760
2023,3,2,75,0,70,1,172200
2023,3,2,75,0,70,1,80000
2021,3,2,64,50,28,2,76833
2023,2,2,75,0,70,2,200000
2022,3,2,75,100,70,1,63000
2020,2,2,28,50,27,0,70139
2023,3,2,75,0,70,1,139500
2021,0,2,39,100,38,2,20000
2021,2,2,44,50,42,2,74000
2022,3,2,75,100,70,1,140000
2023,2,2,29,100,28,1,48609
2023,3,2,75,0,70,1,148700
2023,0,2,75,100,70,1,85000
2022,3,2,75,100,70,1,200000
2023,3,2,75,100,70,1,165000
2020,2,2,75,0,70,1,98000
2022,3,2,75,100,70,1,90320
2023,3,2,75,100,70,1,120250
2022,3,2,75,100,70,1,164000
2023,2,2,69,100,65,1,75116
2022,0,2,75,50,70,0,76000
2022,3,2,75,0,70,1,129300
2023,3,2,75,0,70,1,80000
2023,3,2,75,0,70,1,289800
2022,2,2,75,0,70,1,260000
2022,2,2,75,100,70,1,60000
2023,3,2,75,0,70,1,128000
2023,2,2,75,100,70,1,125000
2023,3,2,75,0,70,0,104300
2022,3,2,75,100,70,1,230000
2021,2,2,75,100,70,0,135000
2022,3,2,75,0,70,1,164000
2022,3,2,75,100,70,1,170000
2023,3,2,75,0,70,1,169000
2023,3,2,75,0,70,1,105200
2022,3,2,75,100,70,1,191475
2022,3,2,75,100,70,1,113900
2023,3,2,75,100,70,1,110000
2023,0,2,75,0,70,1,160000
2022,3,2,75,100,70,1,180000
2022,2,2,26,100,25,1,84053
2023,3,2,75,100,70,1,112000
2023,3,2,75,0,70,1,129000
2022,3,2,75,100,70,1,100000
2022,2,2,75,100,70,1,100000
2022,3,2,39,100,38,0,38154
2023,3,2,75,0,70,1,155000
2021,0,2,29,0,28,0,110037
2023,3,2,75,0,70,1,120000
2022,3,2,75,100,70,1,205000
2023,3,2,75,0,70,1,121904
2022,0,2,75,0,70,1,160000
2021,3,2,44,0,42,2,168000
2023,0,2,75,100,70,1,70000
2023,3,2,75,100,70,1,75000
2023,3,2,75,0,70,1,184000
2022,2,2,75,100,70,0,135000
2023,3,2,75,0,70,1,113000
2022,2,2,29,100,28,1,80036
2022,3,2,75,100,70,1,130000
2022,3,2,75,100,70,1,191475
2022,2,2,75,0,70,1,230000
2023,2,2,75,100,70,1,340000
2023,3,2,75,100,70,1,132000
2022,3,2,75,100,70,1,201000
2022,3,2,75,100,70,1,154000
2022,3,2,75,0,70,1,81500
2023,3,2,75,100,70,1,114000
2023,3,2,75,0,70,1,140000
2022,3,2,75,100,70,1,97000
2022,3,2,26,0,25,1,50432
2022,3,2,75,100,70,1,115934
2021,3,2,75,100,70,0,150000
2022,3,2,75,0,70,1,110600
2020,2,2,75,100,70,1,118000
2023,2,2,29,0,28,1,51039
2022,3,2,63,0,60,1,73546
2023,3,2,75,100,70,1,160000
2022,2,2,75,0,70,1,120000
2021,3,2,75,100,70,2,115000
2023,1,2,75,0,70,1,145000
2022,3,2,75,100,70,1,141525
2022,3,2,75,0,70,1,150000
2023,3,2,75,100,70,1,144000
2022,3,2,75,0,70,1,144000
2022,3,2,75,0,70,1,185900
2023,3,2,75,0,70,0,309400
2021,0,2,5,50,6,0,42028
2022,3,2,75,100,70,1,160000
2023,3,2,75,0,70,1,135000
2022,2,2,75,100,70,1,90000
2022,3,2,75,0,70,1,129300
2023,3,2,63,0,60,1,69751
2023,3,2,75,100,70,1,175000
2022,3,2,75,0,70,1,120000
2023,2,2,75,0,70,1,120000
2022,3,2,11,100,12,1,130000
2023,3,2,75,100,70,1,63000
2022,3,2,75,100,70,1,183000
2022,3,2,75,100,70,1,55000
2022,3,2,75,100,70,1,231250
2023,3,2,75,0,70,1,106000
2022,3,2,75,100,70,1,85000
2023,3,2,75,0,70,1,235000
2023,3,2,75,100,70,1,120000
2023,3,2,75,100,70,1,160000
2023,3,2,16,0,17,1,65000
2022,2,2,39,50,38,0,20984
2022,3,2,75,0,70,1,115000
2022,3,2,75,0,70,1,105200
2022,3,2,75,100,70,1,124190
2022,3,2,75,0,70,1,138938
2023,3,2,75,0,70,1,237000
2023,3,2,75,100,70,1,150000
2023,3,2,11,50,12,1,125686
2023,1,2,75,100,70,1,310000
2023,3,2,75,0,70,1,160000
2022,1,2,75,100,70,2,200000
2023,3,2,75,100,70,1,145000
2023,0,2,67,100,63,2,130000
2022,3,2,75,100,70,1,177500
2022,3,2,75,0,70,1,204500
2023,3,2,75,0,70,1,215000
2022,3,2,75,100,70,1,191475
2023,3,2,75,0,70,0,240500
2022,3,2,75,100,70,1,135000
2023,3,2,75,0,70,1,122000
2023,0,2,75,0,70,1,85000
2022,2,2,5,100,6,0,83864
2023,0,2,75,0,70,1,100000
2022,3,2,26,0,25,1,37824
2023,2,2,75,0,70,1,230000
2023,3,2,75,0,70,1,122000
2022,0,2,75,0,70,1,160000
2022,3,2,75,0,70,1,142200
2023,3,2,75,0,70,1,247500
2022,3,2,75,0,70,0,140400
2023,2,2,75,0,70,1,72000
2021,3,2,75,100,70,0,165000
2021,0,2,39,0,14,0,5882
2022,3,2,75,0,70,1,167500
2022,3,2,75,0,70,1,185900
2022,3,2,75,100,70,1,141525
2022,2,2,47,0,44,1,110446
2022,3,2,75,0,70,1,128000
2022,3,2,26,0,25,1,37824
2023,3,2,75,100,70,1,145000
2023,3,2,75,0,70,1,284310
2022,3,2,75,100,70,1,160080
2023,3,2,75,100,70,1,240000
2023,3,2,11,0,12,1,190000
2023,3,2,75,100,70,1,133200
2022,3,2,75,0,70,1,250000
2022,3,2,75,100,70,1,135000
2022,2,2,75,0,70,1,100000
2023,3,2,54,100,51,1,150000
2022,2,2,75,0,70,1,82900
2023,3,2,75,0,70,1,202353
2023,3,2,75,100,70,1,78000
2022,3,2,75,0,70,1,247500
2023,3,2,75,0,70,1,129000
2023,3,2,49,0,46,1,77262
2023,3,2,75,100,70,1,205000
2023,3,2,75,0,70,1,163800
2021,2,2,29,50,28,0,51519
2021,2,2,75,0,70,0,62000
2022,2,2,75,100,70,1,124000
2022,2,2,75,0,70,1,170000
2023,3,2,75,100,70,1,184000
2022,2,2,31,0,30,1,52533
2022,0,2,26,50,25,1,31520
2022,3,2,75,0,70,1,145000
2022,3,2,75,0,70,1,149850
2023,3,2,75,0,70,1,80000
2023,3,2,75,0,70,1,52500
2023,3,2,75,0,70,1,172000
2022,3,2,75,100,70,1,141525
2020,0,2,21,50,21,2,45896
2022,3,2,75,0,70,1,225000
2021,0,2,28,50,27,1,49646
2022,3,2,75,100,70,1,350000
2021,2,2,11,100,12,0,75774
2023,3,2,75,0,70,1,139000
2023,3,2,75,100,70,1,128000
2022,3,2,75,100,70,1,200000
2022,3,2,75,100,70,1,135000
2023,3,2,75,0,70,1,124740
2022,2,2,75,100,70,1,200000
2022,3,2,75,0,70,1,185900
2022,0,2,75,0,70,1,135000
2022,3,2,75,0,70,0,154545
2022,3,2,75,0,70,1,110000
2022,0,2,75,50,70,0,50000
2023,3,2,75,0,70,1,122700
2023,2,2,37,0,36,1,80481
2023,1,2,75,0,70,1,200000
2023,3,2,75,0,70,1,225000
2023,3,2,75,0,70,1,75000
2023,3,2,75,100,70,1,290000
2023,3,2,75,0,70,1,226700
2023,3,2,75,0,70,1,180180
2023,3,2,75,100,70,1,237000
2022,2,2,75,100,70,1,85000
2023,3,2,75,100,70,1,297300
2023,3,2,75,0,70,1,129000
2023,3,2,75,0,70,1,153400
2023,3,2,75,100,70,1,145000
2022,3,2,63,100,60,0,69344
2022,3,2,75,100,70,1,144854
2023,1,2,75,0,70,1,145000
2023,3,2,75,0,70,1,200000
2022,3,2,75,100,70,1,210000
2022,3,2,75,0,70,1,140400
2022,0,2,2,100,3,2,13000
2022,3,2,75,0,70,1,185900
2023,3,2,71,50,67,1,29453
2022,3,2,75,0,70,0,160000
2022,3,2,75,100,70,1,136000
2022,3,2,75,0,70,1,130000
2023,1,2,75,0,70,1,195800
2021,0,2,74,100,69,0,13400
2022,2,2,75,100,70,1,153000
2021,3,2,75,100,70,0,235000
2021,2,2,75,0,70,2,110000
2022,3,2,75,0,70,1,169000
2023,3,2,75,0,70,0,136000
2023,3,2,75,0,70,1,145000
2023,3,2,75,0,70,1,200160
2023,1,2,75,0,70,1,265000
2022,2,2,10,100,10,1,78000
2023,3,2,75,100,70,1,376080
2021,2,2,7,100,8,1,88654
2021,2,2,29,50,28,0,56256
2022,2,2,75,0,70,1,109000
2021,3,2,75,50,70,0,185000
2022,3,2,75,0,70,1,146000
2023,3,2,75,100,70,1,108000
2022,3,2,75,100,70,1,220110
2023,3,2,75,100,70,0,90000
2023,3,2,75,0,70,0,105700
2022,3,2,75,100,70,1,150000
2023,3,2,26,0,25,1,253750
2022,3,2,75,100,70,0,202900
2023,3,2,75,100,70,1,297300
2022,3,2,75,100,70,1,179305
2022,2,2,26,100,25,1,31520
2023,3,2,75,0,70,1,135000
2023,2,2,39,50,38,0,60795
2022,3,2,75,100,70,1,50000
2022,0,2,75,100,70,1,77300
2022,3,2,75,100,70,1,144854
2023,3,1,56,50,6,1,50000
2023,3,2,75,0,70,1,226700
2023,2,2,75,0,70,1,90000
2022,3,2,75,100,70,1,104890
2023,3,2,75,100,70,1,184000
2022,0,3,15,50,70,2,125404
2023,3,2,75,100,70,1,245000
2023,3,2,75,0,70,1,146000
2023,3,2,75,0,70,1,247500
2021,3,2,75,100,70,0,170000
2023,3,2,75,0,70,1,85500
2023,3,2,75,0,70,1,94192
2022,3,2,75,100,70,1,180000
2022,3,2,75,0,70,1,110600
2022,3,2,75,100,70,0,178800
2022,3,2,75,0,70,1,120000
2022,3,2,75,0,70,1,129300
2022,2,2,75,100,70,1,115360
2022,0,2,75,0,70,1,124234
2022,3,2,75,0,70,1,102100
2023,2,2,75,0,70,1,165000
2022,3,2,11,50,1,2,10000
2022,3,2,75,100,70,1,140000
2022,3,2,29,100,28,2,200000
2022,3,2,75,0,70,1,129300
2023,3,2,26,0,25,1,40777
2023,2,2,75,0,70,1,183310
2022,3,2,75,100,70,1,160395
2023,3,2,75,0,70,1,156400
2023,3,2,75,0,70,1,180000
2023,3,2,75,100,70,1,198000
2021,2,2,56,100,53,0,50000
2023,3,2,11,100,12,1,94000
2023,3,2,75,0,70,1,161800
2022,3,2,75,100,70,1,123000
2022,3,2,75,0,70,1,250000
2023,1,2,75,100,70,1,153000
2022,0,2,42,50,41,1,24165
2023,1,2,75,0,70,1,210000
2022,0,2,29,100,28,2,55410
2023,3,2,75,0,70,1,260000
2022,3,2,11,100,12,1,183600
2022,3,2,75,0,70,1,129300
2022,3,2,75,100,70,1,104000
2022,3,2,75,0,70,1,129300
2023,1,2,75,0,70,1,175000
2023,3,2,75,100,70,1,318300
2020,2,2,75,100,70,1,138350
2023,0,2,75,0,70,0,130760
2023,3,2,75,0,70,1,204500
2022,3,2,75,100,70,0,150000
2023,3,2,75,100,70,1,153600
2023,3,2,75,0,70,1,168400
2022,0,2,75,0,70,1,130000
2023,3,2,75,100,70,1,150000
2022,3,2,75,100,70,1,220000
2022,3,2,26,0,25,1,37824
2020,3,2,29,50,28,1,109024
2023,3,2,75,100,70,1,168000
2023,3,2,75,0,70,1,139500
2022,3,2,75,0,70,1,204500
2021,3,2,75,100,70,0,140000
2022,3,2,75,0,70,1,245000
2020,2,2,75,0,70,1,95000
2022,3,2,75,0,70,1,185900
2023,3,2,75,0,70,1,133300
2023,3,2,75,0,70,1,159832
2022,3,2,75,100,70,1,170000
2023,3,2,75,100,70,1,83270
2023,3,2,75,0,70,1,126000
2022,3,2,11,0,12,2,275000
2022,3,2,75,0,70,1,122500
2023,3,2,75,0,70,1,205000
2021,2,2,20,50,20,0,88654
2022,3,2,75,0,70,1,129300
2021,3,2,75,0,70,0,150000
2022,3,2,75,100,70,1,180000
2022,2,2,39,100,70,0,200000
2023,3,2,75,0,70,0,126100
2023,3,2,75,0,70,1,126000
2023,0,2,75,0,70,1,125000
2022,3,2,75,0,70,1,106800
2023,3,2,75,100,70,1,75000
2022,2,2,75,0,70,1,130000
2023,3,2,11,0,12,1,110000
2022,3,2,75,0,70,1,106800
2023,3,2,75,0,70,1,171250
2022,3,2,75,100,70,1,113900
2023,3,2,75,0,70,1,257000
2022,3,2,75,100,70,1,170000
2020,0,2,39,50,38,1,5707
2023,3,2,75,100,70,1,130000
2023,3,2,75,0,70,1,128000
2022,2,2,11,50,12,0,105236
2022,3,2,26,0,25,1,50432
2023,3,2,75,100,70,1,100000
2022,2,2,75,0,70,1,144100
2022,3,2,29,100,28,1,61566
2023,3,2,75,0,70,1,160000
2023,3,2,75,0,70,1,185900
2023,3,2,75,0,70,1,87980
2022,3,2,75,100,70,1,184000
2022,3,2,75,100,70,1,116000
2022,1,2,75,0,70,1,182160
2022,3,2,75,100,70,1,155000
2022,2,2,75,100,70,1,78000
2023,2,2,57,100,54,0,96578
2022,3,2,75,100,70,1,191475
2023,3,2,75,0,70,1,120000
2023,3,2,75,100,70,1,130000
2023,2,2,75,0,70,1,260000
2022,3,2,75,100,70,1,191475
2022,3,2,75,100,70,1,106260
2022,3,2,75,0,70,1,175000
2022,3,2,75,100,70,1,115934
2022,2,2,29,0,28,1,92350
2023,3,2,75,100,70,1,175000
2022,3,2,75,100,70,0,131300
2022,3,2,75,0,70,1,175000
2023,0,2,75,0,70,1,120000
2022,0,2,36,0,35,0,15000
2022,3,2,75,100,70,1,100000
2023,2,2,4,100,20,1,60093
2022,3,2,75,0,70,1,99000
2023,2,2,29,100,28,1,78990
2022,3,2,75,100,70,1,135000
2022,3,2,75,100,70,0,131300
2023,3,2,75,0,70,1,300240
2023,3,2,11,100,12,1,158000
2022,3,2,75,0,70,1,120000
2023,3,2,75,100,70,1,205000
2022,0,2,2,100,3,0,12000
2023,3,2,75,100,70,1,94000
2022,2,2,75,0,70,1,98000
2021,0,2,29,50,28,0,82528
2022,3,2,75,0,70,1,141300
2021,2,2,39,100,70,2,5679
2023,1,2,75,100,70,1,210914
2023,3,2,75,0,70,1,106020
2022,3,2,75,0,70,1,63000
2022,3,2,75,100,70,1,135000
2023,3,2,75,100,70,1,107500
2023,3,2,75,0,70,0,123700
2023,3,2,75,0,70,1,150000
2023,3,2,75,100,70,1,232200
2023,3,2,74,0,69,1,108000
2023,2,2,75,0,70,1,190000
2023,1,2,75,0,70,1,200000
2022,2,2,29,100,28,1,36940
2022,3,2,75,100,70,1,145000
2022,3,2,75,0,70,1,106500
2022,3,2,75,100,70,1,152500
2021,0,2,39,100,38,0,30428
2022,0,2,75,0,70,1,55000
2023,2,2,29,0,28,1,51039
2022,3,2,75,0,70,1,63000
2023,3,2,75,0,70,1,299500
2022,3,2,75,0,70,1,110600
2023,2,2,75,100,70,1,100000
2023,2,2,75,0,70,1,105500
2022,3,2,75,0,70,1,200000
2022,2,2,75,0,70,1,135000
2023,3,2,75,0,70,1,152380
2021,2,0,75,100,70,0,270000
2022,3,2,29,0,28,1,92350
2023,2,2,26,100,25,1,48289
2022,3,2,75,100,70,1,136994
2022,2,2,75,100,70,2,120000
2022,3,2,75,0,70,1,130000
2023,3,2,75,0,70,1,148750
2021,2,2,10,0,10,2,12901
2023,2,2,75,0,70,1,120000
2022,3,2,75,100,70,1,155000
2022,1,2,75,100,70,1,324000
2023,3,2,75,100,70,1,222000
2023,3,2,75,0,70,1,204500
2022,3,2,75,0,70,1,122600
2023,3,2,75,0,70,1,105000
2021,3,2,29,50,28,0,96282
2023,3,2,75,0,70,1,150000
2022,3,2,75,0,70,0,140400
2021,0,2,75,50,70,2,81000
2023,0,2,75,50,70,0,220000
2023,3,2,75,0,70,1,175000
2022,0,2,2,100,3,0,50000
2023,3,2,75,100,70,1,115934
2023,3,2,75,0,70,1,78000
2022,2,2,29,0,28,1,91118
2023,3,2,75,100,70,1,160000
2023,0,2,75,100,70,1,60000
2023,3,2,75,0,70,1,185900
2022,3,2,75,100,70,1,246000
2022,0,2,29,50,28,0,33246
2023,3,2,75,0,70,1,125000
2022,2,2,75,0,70,1,150000
2023,3,2,75,0,70,1,120000
2023,3,2,75,0,70,1,172200
2023,3,2,75,0,70,1,129000
2023,3,2,75,0,70,1,220000
2022,3,2,11,100,12,1,137400
2022,3,2,75,100,70,1,144000
2023,3,2,75,0,70,1,122000
2022,2,2,75,0,70,1,160000
2023,3,2,75,100,70,1,156400
2023,3,2,75,0,70,1,180000
2021,3,2,39,50,38,0,40570
2023,3,2,75,0,70,1,200000
2023,3,2,75,0,70,1,160000
2023,3,2,75,0,70,1,216100
2023,3,2,75,0,70,1,113000
2022,2,2,20,50,20,2,65666
2022,1,2,75,0,70,1,205000
2023,0,2,75,100,70,1,56100
2023,3,2,74,0,69,1,60000
2023,0,2,29,100,28,1,120000
2022,3,2,75,100,70,1,110000
2022,3,2,75,100,70,1,231250
2023,0,2,29,100,28,1,60000
2022,3,2,75,100,70,1,172000
2022,3,2,75,0,70,1,88100
2022,3,2,75,100,70,1,160000
2022,3,2,75,100,70,1,201000
2023,2,2,75,0,70,1,165000
2022,2,2,31,100,30,1,47280
2022,2,2,75,0,70,1,100000
2023,1,2,75,0,70,1,110000
2023,3,2,75,0,70,1,170730
2022,3,2,75,0,70,1,175000
2023,3,2,29,100,28,0,151902
2023,2,2,75,0,70,1,100000
2022,2,2,29,50,28,1,80036
2022,3,2,75,0,70,1,156400
2023,3,2,75,100,70,1,236000
2022,3,2,75,100,70,1,135000
2022,3,2,75,100,70,1,141525
2021,3,2,20,50,20,0,94564
2023,3,2,75,0,70,1,153600
2023,3,2,75,0,70,1,214000
2023,3,2,20,0,20,1,275000
2022,0,2,75,0,70,1,93000
2023,3,2,75,100,70,1,184000
2022,3,2,75,0,70,1,130000
2023,2,2,29,0,28,1,97218
2022,3,2,75,0,70,1,191475
2023,0,2,39,50,38,1,30000
2023,3,2,75,100,70,1,133800
2022,3,2,54,100,51,1,185000
2022,2,2,75,100,70,0,153000
2022,3,2,75,0,70,1,105000
2023,3,2,75,100,70,1,237000
2023,3,2,75,0,70,1,199000
2022,2,2,75,100,70,1,130000
2023,2,2,75,50,70,0,105000
2020,0,2,28,0,27,2,51321
2023,2,2,75,0,70,1,116000
2022,3,2,29,100,28,1,43096
2023,3,2,75,0,70,1,179000
2022,3,2,20,0,20,1,84053
2022,3,2,75,0,70,1,164996
2022,2,2,75,0,70,1,165000
2020,3,2,75,100,70,0,412000
2022,0,2,63,100,25,1,31520
2023,3,2,75,0,70,1,82365
2022,3,2,75,0,70,1,105000
2023,3,2,11,100,12,1,160000
2022,3,2,75,100,70,0,92000
2022,2,2,31,100,30,1,31520
2022,1,2,75,100,70,1,130000
2023,3,2,75,0,70,1,210000
2023,3,2,75,0,70,1,133832
2023,3,2,75,100,70,1,141600
2022,3,2,75,0,70,1,141300
2022,0,0,72,100,19,1,30469
2022,2,2,75,100,70,1,150000
2023,3,2,75,100,70,1,186300
2023,2,2,75,0,70,1,145000
2022,2,2,75,100,70,1,102640
2023,3,2,75,100,70,1,117100
2023,3,2,75,0,70,0,205600
2023,3,2,75,0,70,1,226700
2023,3,2,29,0,28,1,54365
2022,3,2,75,0,70,1,119000
2023,3,2,75,100,70,1,219535
2023,2,2,29,100,28,1,63192
2022,3,2,29,100,28,1,80041
2023,3,2,75,0,70,1,210000
2020,3,2,75,100,70,1,190200
2022,2,2,75,100,70,1,160000
2023,3,2,75,100,70,1,145000
2023,3,2,75,100,70,1,231250
2022,2,2,68,50,64,1,65257
2022,3,2,75,100,70,1,231250
2023,3,2,75,100,70,1,140000
2023,3,2,75,0,70,1,176000
2021,3,2,11,100,12,1,71786
2023,3,2,75,0,70,1,201000
2022,2,2,29,100,28,1,86193
2022,2,2,75,0,70,1,126500
2023,2,2,75,0,70,1,120000
2022,3,2,75,100,70,1,120600
2022,1,2,75,0,70,1,200000
2023,3,2,75,0,70,1,100000
2023,3,2,75,0,70,1,230000
2022,3,2,75,0,70,1,240000
2022,0,2,75,0,70,2,108000
2023,3,2,75,0,70,1,120000
2023,3,2,75,0,70,1,200000
2022,3,2,75,100,70,1,180000
2022,2,2,75,0,70,1,109000
2023,3,2,75,0,70,1,110000
2023,0,2,20,100,20,0,214618
2022,3,2,75,100,70,1,175000
2023,3,2,75,0,70,1,150000
2022,3,2,75,100,70,1,120000
2022,3,2,75,100,70,1,175000
2022,3,2,62,100,59,1,135000
2023,3,2,75,0,70,1,156400
2023,3,2,57,100,12,0,53654
2022,3,2,75,100,70,1,135000
2022,3,2,75,0,70,1,225000
2023,0,2,75,100,70,1,75000
2023,3,2,75,0,70,0,202800
2023,3,2,75,0,70,1,225000
2022,3,2,75,100,70,1,205000
2023,3,2,75,0,70,1,149076
2023,3,2,75,0,70,1,182000
2023,3,2,75,100,70,1,121500
2022,3,2,5,100,6,0,133766
2023,3,2,75,100,70,1,130000
2023,3,2,75,100,70,1,216000
2023,2,2,39,100,38,0,16414
2022,3,2,75,100,70,1,149000
2022,3,2,75,0,70,1,169000
2023,3,2,75,100,70,1,102500
2023,3,2,75,100,70,1,231250
2023,2,2,29,100,28,1,57723
2022,3,2,75,100,70,1,184000
2022,2,2,75,100,70,0,157000
2022,3,2,75,0,70,1,129300
2023,2,2,29,100,28,1,63192
2023,3,2,75,100,70,1,160000
2023,2,2,75,0,70,1,103200
2022,3,2,75,100,70,1,90000
2022,3,2,75,100,70,1,63000
2022,0,2,75,0,70,1,74540
2023,3,2,75,0,70,1,226700
2023,0,2,75,0,70,1,100000
2022,3,2,75,100,70,1,135000
2023,3,2,75,100,70,1,160000
2022,3,2,75,100,70,1,85000
2022,3,2,75,0,70,1,150000
2023,3,2,75,0,70,1,201036
2022,3,2,75,0,70,1,220000
2023,3,2,75,100,70,1,135000
2021,2,2,14,100,15,0,40038
2023,3,2,75,0,70,1,230000
2022,2,2,75,100,70,1,134000
2022,3,2,75,0,70,1,300000
2023,1,2,75,0,70,1,145000
2022,3,2,75,0,70,1,129300
2023,3,2,75,100,70,1,113900
2022,3,2,75,100,70,1,100000
2022,3,2,75,100,70,1,135000
2022,3,2,0,100,0,2,120000
2023,3,2,29,100,28,1,230000
2022,0,2,75,0,70,0,83000
2023,2,2,29,0,28,1,42533
2023,3,2,75,0,70,1,150000
2023,1,2,75,100,70,1,239000
2022,3,2,75,100,70,1,150000
2022,3,2,75,0,70,1,130000
2023,3,2,75,0,70,1,201000
2023,3,2,75,0,70,1,100000
2023,0,2,39,0,38,0,9727
2022,3,2,75,100,70,1,170000
2023,3,2,75,0,70,1,100500
2021,2,2,26,100,25,0,37825
2023,2,2,75,0,70,1,165000
2023,2,2,75,0,70,1,100000
2023,3,2,75,0,70,1,140000
2023,3,2,75,100,70,1,96100
2021,3,2,29,50,28,0,61896
2022,3,2,75,0,70,1,139600
2023,3,2,75,0,70,1,105200
2023,1,2,75,0,70,1,110000
2023,3,2,75,0,70,1,106500
2022,3,2,75,100,70,1,236000
2022,0,2,75,100,70,1,100000
2022,3,2,75,100,70,1,96000
2022,3,2,75,100,70,1,170000
2022,3,2,75,0,70,1,100000
2023,3,2,75,0,70,1,245000
2023,3,2,75,100,70,1,146115
2023,0,2,75,0,70,1,73900
2023,3,2,75,100,70,1,142000
2022,3,2,75,100,70,1,207000
2023,3,2,75,0,70,1,100000
2022,3,2,75,100,70,1,141525
2022,0,2,42,100,20,2,34672
2023,3,2,75,0,70,1,146000
2023,3,2,75,0,70,1,94000
2023,3,2,75,0,70,1,156400
2022,3,2,75,100,70,1,175000
2023,3,2,75,100,70,1,115000
2022,2,2,13,100,14,0,104697
2022,3,2,75,100,70,1,135000
2023,2,2,75,0,70,1,205920
2022,2,2,75,0,70,1,150000
2023,3,2,75,0,70,1,129300
2022,3,2,75,100,70,1,148800
2022,2,2,20,0,20,2,126080
2022,3,2,75,100,70,1,128875
2023,2,2,75,0,70,1,125000
2023,0,2,75,0,70,0,213660
2023,3,2,75,0,70,1,109400
2023,3,2,75,0,70,1,229000
2023,3,2,75,0,70,1,160000
2022,2,2,26,100,25,1,47280
2023,3,2,75,0,70,1,150000
2021,2,2,39,0,38,1,33808
2023,3,2,75,0,70,1,252000
2022,3,2,75,100,70,1,125000
2023,2,2,26,100,25,1,66531
2023,3,2,75,0,70,1,180180
2022,3,2,75,100,70,0,165000
2023,3,2,75,100,70,1,200000
2022,3,2,75,100,70,0,100800
2023,0,2,75,100,70,1,61800
2023,3,2,75,0,70,0,136000
2023,3,2,75,0,70,1,106000
2022,3,2,75,100,70,1,113000
2022,3,2,75,100,70,1,150000
2022,3,2,75,100,70,0,158200
2022,3,2,75,100,70,1,60000
2022,3,2,75,0,70,1,181940
2022,2,2,75,0,70,1,110000
2023,3,2,75,100,70,1,115000
2022,3,2,26,0,25,1,50432
2022,3,2,75,100,70,1,38000
2022,2,2,28,100,27,1,63040
2023,3,2,75,0,70,1,106800
2023,2,2,75,0,70,1,102000
2022,3,2,75,50,70,0,144000
2023,3,2,75,0,70,1,128000
2023,3,2,75,0,70,1,252000
2023,3,2,75,0,70,1,172800
2022,2,2,29,0,28,1,36940
2023,3,2,11,0,12,1,141000
2022,1,2,75,0,70,1,145000
2023,3,2,75,0,70,1,159832
2023,3,2,75,100,70,1,115000
2022,3,2,75,100,70,1,109280
2023,2,2,29,0,28,1,54685
2023,3,2,75,0,70,1,170000
2022,0,2,75,100,70,0,64000
2023,3,2,75,0,70,1,179170
2022,2,2,47,0,44,1,79178
2023,0,2,75,0,70,1,70000
2023,3,2,75,100,70,1,283200
2022,3,2,75,100,70,1,136260
2022,2,2,75,0,70,1,225000
2020,2,2,75,100,70,0,105000
2023,2,2,75,0,70,1,120000
2022,3,2,75,0,70,1,170000
2022,2,2,11,0,12,1,85000
2022,2,2,75,0,70,1,150000
2023,2,2,75,0,70,1,100000
2023,3,2,75,0,70,1,150000
2022,3,2,75,100,70,1,85000
2022,3,2,26,0,25,1,47280
2022,3,2,75,0,70,1,95000
2022,3,2,75,100,70,1,140250
2022,3,2,75,100,70,1,175000
2022,3,2,75,100,70,1,145000
2022,0,2,63,100,60,0,21013
2022,3,2,75,100,70,1,38000
2021,0,3,21,50,21,2,28609
2022,2,2,75,0,70,1,100000
2022,2,2,29,0,28,1,98506
2020,2,2,75,100,70,0,110000
2023,3,2,75,0,70,1,175000
2022,3,2,75,0,70,1,345600
2023,3,2,26,0,25,1,48289
2023,3,2,75,100,70,2,80000
2022,3,2,75,0,70,1,169000
2023,0,2,13,50,14,0,121093
2022,3,2,75,0,70,1,70000
2021,3,2,10,100,10,1,24000
2022,3,2,75,100,70,1,145000
2023,2,2,75,100,70,1,150000
2022,3,2,75,100,70,0,159200
2022,3,2,42,0,41,0,68293
2023,3,2,75,100,70,1,90000
2022,2,2,75,100,70,1,120000
2023,3,2,75,0,70,1,275000
2023,3,2,11,0,12,1,224000
2023,3,2,75,0,70,1,126000
2021,2,2,75,100,70,0,90000
2023,3,2,75,100,70,1,240000
2022,3,2,75,0,70,1,185900
2023,3,2,75,100,70,1,117000
2022,3,2,75,100,70,1,120000
2022,2,2,75,0,70,1,124000
2022,2,2,75,0,70,1,62000
2023,0,2,75,0,70,1,160000
2022,3,2,75,100,70,1,250000
2022,3,2,75,0,70,1,54000
2023,2,2,75,0,70,1,52500
2022,3,2,75,0,70,1,140000
2022,3,2,75,100,70,1,100000
2023,3,2,75,0,70,1,162500
2023,3,2,75,0,70,0,136000
2023,2,2,75,0,70,1,150000
2023,3,2,75,0,70,1,81500
2023,3,2,75,100,70,1,184000
2023,3,2,75,100,70,1,231250
2023,3,2,11,100,12,1,269000
2023,3,2,26,0,25,1,38631
2023,2,2,29,0,28,1,85066
2021,0,2,20,0,20,0,76833
2021,2,2,20,50,20,0,90734
2021,3,2,75,0,70,0,240000
2023,3,2,75,0,70,1,132300
2022,3,2,75,0,70,1,171000
2022,3,2,75,100,70,1,191475
2022,2,2,75,0,70,1,80000
2020,3,2,20,100,20,1,148261
2022,2,3,20,50,20,0,52533
2022,0,2,75,0,70,1,48000
2022,3,2,75,0,70,1,150000
2022,0,2,75,0,70,1,189750
2023,3,2,75,0,70,1,160000
2022,3,2,75,0,70,1,250000
2023,3,2,37,100,36,1,101943
2022,3,2,75,100,70,1,191475
2022,1,2,75,100,70,1,310000
2022,2,2,75,100,70,0,148500
2023,2,2,75,0,70,1,180000
2023,3,2,75,0,70,1,180180
2023,3,2,28,100,27,1,75116
2023,3,2,75,0,70,1,200000
2022,2,2,75,100,70,0,113000
2023,3,2,75,0,70,1,136000
2023,3,2,75,0,70,1,185900
2023,3,2,75,0,70,1,289076
2022,2,2,19,100,19,1,5132
2023,3,2,75,0,70,1,245100
2022,0,2,35,100,34,1,17684
2022,2,2,75,100,70,1,100000
2022,3,2,75,100,70,1,130000
2023,0,2,75,0,70,0,213660
2022,3,2,75,0,70,1,156400
2023,3,2,75,100,70,1,165750
2023,3,2,75,0,70,1,149076
2023,1,2,75,0,70,1,235000
2023,3,2,75,100,70,1,275300
2022,3,2,75,0,70,1,245000
2022,3,2,75,0,70,1,110000
2023,3,2,75,100,70,1,104000
2022,3,2,75,0,70,1,95550
2021,2,2,75,100,70,0,151000
2023,3,2,75,100,70,1,182000
2021,3,2,20,50,20,0,63831
2023,3,2,75,0,70,1,129000
2022,3,2,75,100,70,1,185000
2022,3,2,75,100,70,1,130000
2022,3,2,75,100,70,1,315000
2022,3,2,75,100,70,1,140000
2023,3,2,75,0,70,1,75000
2023,3,2,75,0,70,1,105000
2022,3,2,75,100,70,1,124270
2022,3,2,75,100,70,1,148800
2022,0,2,39,50,38,0,300000
2022,3,2,75,0,70,1,105000
2023,2,2,75,100,70,1,110000
2022,3,2,75,0,70,1,134000
2023,2,2,64,50,61,0,53654
2023,3,2,63,100,60,0,75116
2023,2,2,29,0,28,1,109006
2022,1,2,75,0,70,1,160000
2023,3,2,75,0,70,1,200160
2023,2,2,75,0,70,1,145000
2022,3,2,75,0,70,1,153600
2022,3,2,75,100,70,1,191475
2022,2,2,75,0,70,1,120000
2023,0,2,67,50,63,1,80000
2023,3,2,75,100,70,1,87000
2022,3,2,75,100,70,1,110000
2022,3,2,75,100,70,1,93700
2023,3,2,75,0,70,1,155000
2022,2,2,28,50,27,1,105066
2022,3,2,75,100,70,1,141525
2023,3,2,75,0,70,1,142200
2022,2,2,10,100,10,1,48000
2022,2,2,29,100,28,1,98506
2023,3,2,75,0,70,1,140000
2022,3,2,75,100,70,1,140000
2023,2,2,75,0,70,1,130000
2022,2,2,26,100,25,1,73546
2022,3,2,75,100,70,1,191475
2020,3,1,66,100,70,2,60000
2023,0,2,75,0,70,1,100000
2023,2,2,29,100,28,1,43809
2022,3,2,75,100,70,1,161342
2022,3,2,75,100,70,1,130050
2023,3,2,75,100,70,1,180000
2023,3,2,75,100,70,1,198200
2022,3,2,75,100,70,1,140000
2021,3,2,29,100,28,2,103160
2023,3,2,75,0,70,0,136000
2023,3,2,39,100,38,2,15806
2022,0,2,75,0,70,1,135000
2023,3,2,75,100,70,1,250000
2023,3,2,75,100,70,1,100000
2023,3,2,75,100,70,1,209450
2023,3,2,75,0,70,1,185900
2022,3,2,75,100,70,1,260000
2022,3,2,75,0,70,1,120000
2023,2,2,29,0,28,1,109371
2023,2,2,75,0,70,1,70000
2023,1,2,75,100,70,1,310000
2023,2,2,75,0,70,1,130000
2023,3,2,11,100,12,1,115000
2022,3,2,75,100,70,1,132320
2022,3,2,75,100,70,1,145000
2022,3,2,75,100,70,1,89200
2022,3,2,75,0,70,1,203500
2022,2,2,75,0,70,1,100000
2023,3,2,75,0,70,1,160000
2022,2,2,20,100,20,2,60938
2023,3,2,26,0,25,1,253750
2022,3,2,75,100,70,1,210000
2023,3,2,75,0,70,0,222200
2023,0,2,31,50,30,0,12877
2022,2,2,29,0,28,1,55410
2023,3,2,75,0,70,1,111000
2022,3,2,75,0,70,1,185900
2022,3,2,75,0,70,1,135000
2023,0,2,75,100,70,1,64200
2023,3,2,75,0,70,1,175000
2022,3,2,75,100,70,1,147800
2023,3,2,75,100,70,1,95000
2022,3,2,75,100,70,1,136000
2022,3,2,75,100,70,1,160000
2022,3,2,75,100,70,1,176000
2022,3,2,75,0,70,1,197000
2023,3,2,75,100,70,1,215050
2023,3,2,75,100,70,1,170000
2022,2,2,10,100,10,1,78000
2022,3,2,75,100,70,1,210000
2021,2,2,61,100,58,0,46597
2022,3,2,75,0,70,1,135000
2023,3,2,75,100,70,1,162500
2022,3,2,75,100,70,1,205000
2022,3,2,75,0,70,1,142200
2021,2,2,75,100,70,0,200000
2022,3,2,75,0,70,1,152500
2022,3,2,75,100,70,1,185000
2023,3,2,75,0,70,1,220000
2022,3,2,75,100,70,1,128875
2022,3,2,26,0,25,1,37824
2022,3,2,75,0,70,1,123400
2023,3,2,75,0,70,1,228000
2022,3,2,75,100,70,1,85000
2020,2,2,75,100,70,0,103000
2020,0,2,75,100,70,2,138000
2023,2,2,29,0,28,1,67141
2022,3,2,75,0,70,1,249260
2023,2,2,29,0,28,1,72914
2023,2,2,75,0,70,1,116000
2022,2,2,75,100,70,1,100000
2023,3,2,75,0,70,1,204500
2023,3,2,75,100,70,1,75000
2023,2,2,75,0,70,1,105380
2022,1,2,76,0,62,0,106000
2023,0,2,75,0,70,1,220000
2022,3,2,75,0,70,1,155000
2023,3,2,75,0,70,1,134000
2023,3,2,75,0,70,1,210000
2023,0,2,56,100,53,0,100000
2023,3,2,75,100,70,1,275300
2022,3,2,75,100,70,1,150260
2023,3,2,75,100,70,1,150000
2023,3,2,75,0,70,1,142200
2022,2,2,75,0,70,1,135000
2022,3,2,75,100,70,1,126000
2022,3,2,75,0,70,1,240000
2022,3,2,11,100,12,1,187200
2023,3,2,75,0,70,1,106000
2023,2,2,75,100,70,1,110000
2023,3,2,75,0,70,1,150000
2022,1,2,75,100,70,1,239000
2023,2,2,29,0,28,1,78990
2022,2,2,75,100,70,1,100000
2023,3,2,75,0,70,1,252000
2023,3,2,11,100,12,1,110000
2023,3,2,75,0,70,1,145000
2023,2,0,75,100,70,2,25500
2022,3,2,75,0,70,0,100000
2023,2,2,75,0,70,1,250000
2022,3,2,75,0,70,1,100000
2022,2,2,39,100,38,1,15897
2023,3,2,75,0,70,1,174500
2022,3,2,75,100,70,1,184000
2023,3,2,75,0,70,1,106800
2023,3,2,75,0,70,1,156400
2022,3,2,75,100,70,1,144000
2023,3,2,75,100,70,1,199098
2021,2,2,75,100,70,0,110000
2022,2,2,75,100,70,1,75000
2022,3,2,75,0,70,1,160000
2023,2,2,75,100,70,1,200000
2022,3,2,75,100,70,1,110500
2023,3,2,75,100,70,1,182750
2022,3,2,75,100,70,1,100000
2022,0,2,75,0,70,1,160000
2023,2,2,75,0,70,1,135000
2023,3,2,75,0,70,1,130000
2023,3,2,29,0,28,1,136956
2022,3,2,39,0,38,0,56723
2023,3,2,75,0,70,1,230000
2022,2,2,10,100,10,1,42000
2023,2,2,29,100,28,1,66837
2023,0,2,2,100,70,2,30000
2023,3,2,75,0,70,1,140000
2022,3,2,75,100,70,1,200000
2022,3,2,75,0,70,1,184700
2022,3,2,75,0,70,1,197000
2022,3,2,75,100,70,1,160000
2020,2,2,63,100,70,1,56000
2023,3,2,75,0,70,1,150000
2023,2,2,75,0,70,1,90000
2020,3,2,31,100,70,0,68428
2023,2,2,75,0,70,1,85000
2023,3,2,75,0,70,1,125000
2023,3,2,75,0,70,1,199000
2020,0,2,75,50,70,0,250000
2023,3,2,75,100,70,1,318300
2022,0,2,11,50,12,0,200000
2022,3,2,75,0,70,1,156400
2023,0,3,61,100,38,0,17779
2022,3,2,75,0,70,1,128000
2022,3,2,75,100,70,1,141525
2023,3,2,11,100,12,1,135000
2022,2,2,75,0,70,1,120000
2023,3,2,26,0,25,1,38631
2022,3,2,75,0,70,1,136100
2023,3,2,75,0,70,1,142200
2023,3,2,75,100,70,1,113000
2023,3,2,75,0,70,1,105200
2021,3,2,75,100,27,0,152000
2023,3,2,75,0,70,1,145000
2020,2,2,75,0,70,1,450000
2023,3,2,75,0,70,1,223250
2021,2,2,39,50,38,0,16904
2022,3,2,75,100,70,1,135000
2022,3,2,75,0,70,1,129300
2023,2,2,75,0,70,1,70000
2022,3,2,75,100,70,1,142000
2022,3,2,75,100,70,1,105400
2021,2,2,32,50,28,2,66022
2023,3,2,75,100,70,1,170000
2022,3,2,11,0,12,1,140000
2023,0,2,75,0,70,1,85000
2023,3,2,75,0,70,1,179820
2023,2,2,39,50,38,0,18238
2023,3,2,75,0,70,1,198800
2023,3,2,75,0,70,1,299500
2023,3,2,75,100,70,1,139000
2021,2,2,75,0,70,1,93150
2023,3,2,75,0,70,1,147100
2022,3,2,11,100,12,1,90700
2021,2,2,75,100,70,1,100000
2022,3,2,75,0,70,1,129300
2023,3,2,75,100,70,1,140000
2023,2,2,29,0,28,1,54685
2023,3,2,75,100,70,1,156400
2022,3,2,75,100,70,1,138750
2023,2,2,75,100,70,1,190000
2021,2,2,31,100,30,1,40189
2023,3,2,75,100,70,1,75000
2022,3,2,75,100,70,1,128875
2023,3,2,75,0,70,1,115000
2023,3,2,75,0,70,1,168400
2023,3,2,75,0,70,1,179820
2023,3,2,75,0,70,1,153600
2022,3,2,75,0,70,1,150000
2022,3,2,75,0,70,1,120000
2023,2,2,75,100,70,1,75000
2023,3,2,75,100,70,1,161500
2023,3,2,75,0,70,1,125000
2023,2,2,75,100,70,1,70000
2023,2,2,75,0,70,1,120000
2023,0,2,75,100,70,1,130001
2023,1,2,75,0,70,1,145000
2022,3,2,75,100,70,1,211500
2023,2,2,75,0,70,1,130000
2022,3,2,75,100,70,1,154000
2023,2,2,75,0,70,1,95000
2023,3,2,75,0,70,1,65488
2022,3,2,75,0,70,1,130000
2022,3,2,75,0,70,1,108800
2023,3,2,75,0,70,1,151800
2021,0,2,20,50,20,0,63831
2022,3,2,75,100,70,1,175000
2023,3,2,75,0,70,1,95000
2023,0,2,75,100,70,0,60000
2022,3,2,75,100,70,1,141525
2023,3,2,75,0,70,1,185900
2023,0,2,75,0,70,1,120000
2022,3,2,75,100,70,1,80000
2023,3,2,11,100,12,1,175000
2023,3,2,75,100,70,1,120000
2023,0,2,39,50,38,0,12767
2021,3,2,26,100,25,0,55000
2021,2,2,75,100,70,0,150000
2022,3,2,75,100,70,1,210000
2022,2,2,75,0,70,1,206699
2022,3,2,75,0,70,1,105000
2023,3,2,75,0,70,1,145000
2022,3,2,75,100,70,0,156868
2023,3,2,75,0,70,1,145000
2023,3,2,75,0,70,1,152500
2022,3,2,75,0,70,1,129300
2021,2,2,75,0,70,0,75000
2022,3,2,62,100,59,1,200000
2022,2,2,75,100,70,1,240000
2022,3,2,75,0,70,1,201000
2022,3,2,75,0,70,1,160000
2022,3,2,75,0,70,1,110000
2021,2,2,75,0,70,1,111775
2022,0,2,75,100,70,0,80000
2022,3,2,75,0,70,0,215300
2023,3,2,75,0,70,1,72200
2022,3,2,75,100,6,0,171000
2023,2,2,75,0,70,1,80000
2022,3,2,75,100,70,0,183600
2022,3,2,75,0,70,1,160000
2023,2,2,75,0,70,1,220000
2022,3,2,75,100,70,1,170000
2022,3,2,75,100,70,1,153000
2023,3,2,75,0,70,1,200000
2022,3,2,75,100,70,1,120160
2022,3,2,75,100,70,0,209100
2022,3,2,75,0,70,1,185900
2021,1,0,75,100,70,2,416000
2023,0,2,75,0,70,1,155000
2023,3,2,75,0,70,1,169000
2022,1,2,75,100,70,1,216000
2023,3,2,75,100,70,1,217000
2023,3,2,75,0,70,1,155850
2022,3,2,75,100,70,1,160000
2022,3,2,75,100,70,0,405000
2022,3,2,75,0,70,0,144000
2022,3,2,75,0,70,1,120000
2022,3,2,75,100,70,1,50000
2023,3,2,75,100,70,1,75000
2023,3,2,75,0,70,1,130000
2021,3,2,11,100,12,2,87738
2022,3,2,75,0,70,1,198440
2023,3,2,75,0,70,1,90700
2022,2,2,39,100,38,0,23000
2022,3,2,75,100,70,1,126500
2022,3,2,75,100,70,1,175950
2023,3,2,75,0,70,1,182000
2023,3,2,75,0,70,0,222200
2023,3,2,75,100,70,1,225000
2023,2,2,29,0,28,1,54685
2022,3,2,75,0,70,1,70000
2022,3,2,75,0,70,1,191200
2022,2,2,75,100,70,1,135000
2023,3,2,75,100,70,1,165000
2023,2,2,75,0,70,1,162500
2023,3,2,75,100,70,1,149040
2021,0,2,75,100,70,2,90000
2022,2,2,29,0,28,1,43096
2022,3,2,75,100,70,1,140000
2023,3,2,75,0,70,1,185000
2023,3,2,75,0,70,1,150000
2023,3,2,75,100,70,1,144000
2023,3,2,75,0,70,1,240500
2022,3,2,75,100,70,1,179775
2022,2,2,75,50,70,0,145000
2023,3,2,75,0,70,1,129000
2022,3,2,75,100,70,1,65000
2022,3,2,75,100,70,1,190000
2021,2,2,75,100,70,0,140000
2022,3,2,75,100,70,1,225000
2022,2,2,29,50,28,2,61566
2023,3,2,75,0,70,0,260000
2022,3,2,75,0,70,1,81500
2023,3,2,75,100,70,1,90000
2022,3,2,75,100,70,0,215300
2023,3,2,75,100,70,1,192500
2023,3,2,75,0,70,1,100000
2023,3,2,75,100,70,1,183000
2023,2,2,39,100,38,0,17022
2021,1,2,39,100,70,0,150000
2022,3,2,75,100,70,1,134760
2022,2,2,20,100,20,1,73546
2023,1,2,75,100,70,1,116704
2023,2,2,75,100,70,0,110000
2021,2,2,26,100,25,1,46809
2020,3,2,4,0,5,2,91237
2021,2,2,75,100,70,2,82500
2023,3,2,75,0,70,1,204500
2021,2,2,57,100,54,0,45391
2023,0,2,75,0,70,1,55000
2022,3,2,75,100,70,1,85000
2020,0,2,75,100,70,0,91000
2022,2,2,75,0,70,1,80000
2022,3,2,75,100,70,1,186000
2022,3,2,75,0,70,0,119300
2022,3,2,39,50,38,0,95386
2023,2,2,29,100,28,1,57723
2022,3,2,75,100,70,1,90320
2023,1,2,75,100,70,1,210914
2022,3,2,75,0,70,1,78000
2022,3,2,75,0,70,1,135000
2023,3,2,75,0,70,1,200000
2023,3,2,63,100,70,1,150000
2023,2,2,54,100,51,2,36000
2022,0,2,11,0,12,1,67000
2023,3,2,75,0,70,1,190000
2022,2,2,75,50,70,1,153000
2022,0,2,63,100,45,1,10000
2023,3,2,75,0,70,1,129000
2023,3,2,75,0,70,1,159500
2022,3,2,75,0,70,1,192000
2022,3,2,75,100,70,1,115934
2023,3,2,75,0,70,1,126000
2023,3,2,75,0,70,1,210550
2023,2,2,75,0,70,1,171600
2023,2,2,29,0,28,1,66837
2023,3,2,75,0,70,0,159100
2023,2,2,75,0,70,1,90000
2023,3,2,75,0,70,1,203100
2023,3,2,75,0,70,1,370000
2023,0,2,75,0,70,1,48000
2022,3,2,75,100,70,1,130000
2023,3,2,75,100,70,1,188800
2023,0,2,11,100,12,0,51753
2023,3,2,75,0,70,1,248100
2022,3,2,75,100,70,1,180000
2022,2,2,75,100,70,1,187000
2022,2,2,28,100,27,1,52533
2023,3,2,75,100,70,1,125000
2023,3,2,75,0,70,1,105000
2023,3,2,75,100,70,1,209300
2022,3,2,75,100,70,1,154000
2022,3,2,11,100,12,1,192400
2022,3,2,75,100,70,1,154600
2022,3,2,75,0,70,1,120000
2022,2,2,31,100,30,1,73546
2023,0,2,75,0,70,1,74540
2023,3,2,75,0,70,1,163800
2023,3,2,75,100,70,1,188500
2023,3,2,75,100,70,1,203300
2022,3,2,75,0,70,1,175000
2021,2,2,42,50,41,0,51064
2022,3,0,75,100,70,1,90000
2023,3,2,75,0,70,1,137500
2022,3,2,11,0,12,1,132000
2021,1,2,75,0,70,0,250000
2023,3,2,75,0,70,1,142200
2022,3,2,75,0,70,0,144000
2023,3,2,75,0,70,1,137500
2023,2,2,69,100,65,1,48289
2022,1,2,75,100,70,1,135000
2023,3,2,75,0,70,1,160000
2022,3,2,75,0,70,0,113000
2023,3,2,75,0,70,1,130000
2022,3,2,75,100,70,1,196000
2022,3,2,75,100,70,1,216000
2023,3,2,75,0,70,1,70000
2023,3,2,75,0,70,1,106500
2022,2,2,75,0,70,1,124000
2023,2,2,75,0,70,1,200000
2022,0,2,75,0,70,1,125000
2022,3,2,75,0,70,1,70000
2023,2,2,75,100,70,1,150450
2023,3,2,75,0,70,1,129000
2023,3,2,75,0,70,1,289076
2023,3,2,75,0,70,1,148000
2023,0,2,75,0,70,1,65000
2023,3,2,75,100,70,1,95000
2022,3,2,75,100,70,1,81000
2023,2,2,29,100,28,0,115447
2023,3,2,75,0,70,1,122700
2023,3,2,75,0,70,1,150000
2022,3,2,2,100,70,2,48000
2022,3,2,75,0,70,1,191200
2023,0,2,75,100,70,1,95000
2023,3,2,75,100,70,1,104000
2022,0,2,28,50,27,1,28368
2022,3,2,75,100,70,0,202900
2022,3,2,75,0,70,1,204100
2022,3,2,75,100,70,0,154600
2022,3,2,75,100,70,1,119000
2021,3,2,75,100,70,0,144000
2023,3,2,75,0,70,1,140000
2022,2,2,75,100,70,1,80000
2023,3,2,29,100,28,1,143200
2021,1,2,66,0,62,1,85000
2022,2,2,75,0,70,1,52500
2022,3,2,75,100,70,0,132100
2022,3,2,75,100,70,1,191475
2023,2,2,75,0,70,1,102000
2022,3,2,75,100,70,1,150000
2023,3,2,75,0,70,1,225000
2022,3,2,75,0,70,1,247500
2022,3,2,75,0,70,0,160000
2021,2,1,60,50,57,1,12000
2023,3,2,75,100,70,1,157750
2022,3,2,75,100,70,1,250000
2022,3,2,75,100,70,0,100000
2022,3,2,75,100,70,1,141525
2022,3,2,75,0,70,1,185900
2022,3,2,75,0,70,1,129300
2023,0,2,75,100,70,1,85000
2022,2,2,29,0,28,1,67723
2022,3,2,75,0,70,1,191200
2021,0,2,16,50,17,1,21844
2023,3,2,11,0,12,1,145900
2022,3,2,75,0,70,1,120000
2023,3,2,75,0,70,1,106800
2022,3,2,75,100,70,1,128500
2023,3,2,75,100,70,1,183500
2022,3,2,75,100,70,1,160000
2022,3,2,75,100,70,1,130000
2022,2,2,75,100,70,1,100000
2023,3,2,75,100,70,1,170000
2022,3,2,75,100,70,1,50000
2023,3,2,11,0,12,1,120000
2023,3,2,75,100,70,1,156400
2022,2,2,75,0,70,1,75000
2023,3,2,75,0,70,1,247500
2022,3,2,75,0,70,1,145000
2022,3,2,75,100,70,0,132100
2023,3,2,75,0,70,1,129300
2022,3,2,75,0,70,1,88100
2022,0,2,75,100,70,1,180000
2023,3,2,75,0,70,1,129300
2023,3,2,75,100,70,1,119500
2023,3,2,75,0,70,1,197000
2023,3,2,20,100,20,1,71897
2022,2,2,75,0,70,1,160000
2022,3,2,75,100,70,1,123000
2022,3,2,75,100,70,1,104000
2023,3,2,75,0,70,1,130000
2022,0,2,75,0,70,1,135000
2023,3,2,75,100,70,1,175000
2021,3,0,75,100,70,1,105000
2022,3,2,75,100,70,0,154600
2023,3,2,75,100,70,1,185000
2022,0,2,11,100,12,0,73742
2023,3,2,75,0,70,1,90700
2022,2,2,29,0,28,1,73880
2022,3,2,75,100,70,1,149040
2022,3,2,75,0,70,1,145000
2023,3,2,75,0,70,1,299500
2020,2,2,33,0,32,2,20000
2023,3,2,75,0,70,1,70000
2023,2,2,75,0,70,1,155000
2022,3,2,75,0,70,1,129300
2020,0,3,20,100,20,2,15966
2021,0,2,20,50,20,1,65013
2022,3,2,75,100,70,1,148000
2022,3,2,75,0,70,1,142200
2021,0,2,28,50,27,0,36643
2022,3,2,75,100,70,1,150075
2022,1,2,75,100,70,1,310000
2022,3,2,75,100,70,1,191475
2022,2,2,75,100,70,1,150000
2023,3,2,75,0,70,1,167000
2023,0,2,75,0,70,1,120000
2022,2,2,28,100,27,1,94560
2022,3,2,75,0,70,1,168400
2023,2,2,29,0,28,1,109371
2021,0,2,75,100,70,0,72500
2023,3,2,75,0,70,1,167500
2023,3,2,75,100,70,1,153088
2022,3,2,75,0,70,1,130000
2023,0,2,75,0,70,1,155000
2023,3,2,75,0,70,1,170000
2022,3,2,75,0,70,1,218000
2023,3,2,75,0,70,1,178600
2022,3,2,75,100,70,1,220000
2022,3,2,75,0,70,0,154545
2023,3,2,75,0,70,1,185900
2022,3,2,75,100,70,1,141525
2023,3,2,75,100,70,1,175000
2023,3,2,75,100,70,1,182200
2022,2,2,75,100,70,1,85000
2023,3,2,75,0,70,1,140000
2022,2,2,28,100,27,1,65141
2022,2,2,28,100,27,2,58837
2022,2,2,20,0,20,1,60938
2023,3,2,75,100,70,1,127000
2022,3,2,75,100,70,1,216000
2021,2,2,75,100,70,0,93000
2023,3,2,26,0,25,1,169200
2022,3,2,75,100,70,1,191475
2022,3,2,75,100,70,1,200100
2022,3,2,75,0,70,1,120000
2022,2,2,75,100,70,1,150000
2023,3,2,75,0,70,1,120000
2022,3,2,75,100,70,1,235000
2022,3,2,75,0,70,1,95000
2023,0,2,75,0,70,1,125000
2023,3,2,75,0,70,1,140800
2021,2,2,11,100,12,1,63810
2020,2,2,35,50,34,0,35735
2021,1,2,28,100,25,2,69741
2022,3,2,75,0,70,1,142200
2022,2,2,39,100,35,0,53416
2023,3,2,75,100,70,1,155000
2020,3,2,31,50,30,0,47899
2023,3,2,75,100,70,1,161800
2023,3,2,75,100,70,1,168100
2022,3,2,75,100,70,1,173000
2023,3,2,75,100,70,1,275300
2023,3,2,75,100,70,1,185000
2022,3,2,75,100,70,1,250000
2021,3,2,11,50,12,0,96113
2022,3,2,75,100,70,1,180000
2022,0,2,29,100,28,0,30000
2023,3,2,75,100,70,1,150000
2022,3,2,75,100,70,1,272550
2023,2,2,29,0,28,1,145828
2022,2,2,10,100,10,1,48000
2021,3,2,75,100,70,1,170000
2022,2,2,75,0,70,1,129300
2023,3,2,75,100,70,1,160000
2022,3,2,75,0,70,1,120000
2023,3,2,75,0,70,1,120000
2022,2,2,29,0,28,1,110820
2022,2,2,75,100,70,0,97500
2022,3,2,75,0,70,1,110600
2023,3,2,49,0,46,1,38631
2021,2,2,30,0,29,2,30000
2021,1,2,42,100,58,0,153667
2022,2,2,75,100,70,1,120000
2021,0,2,28,50,27,1,20000
2022,3,2,75,100,70,1,115934
2022,3,2,75,100,70,1,135000
2023,3,2,75,0,70,1,250000
2023,3,2,75,0,70,1,139000
2023,2,2,75,0,70,1,95000
2022,2,2,75,0,70,1,24000
2022,3,2,75,100,70,0,190000
2022,3,2,75,0,70,1,110000
2023,3,2,75,100,70,1,140000
2022,2,2,75,100,70,1,160000
2023,3,2,75,100,70,1,175000
2022,3,2,75,100,70,1,191475
2022,3,2,75,0,70,1,110000
2023,2,2,75,0,70,1,145000
2023,2,2,75,0,70,2,125000
2022,3,2,75,0,70,1,135000
2022,3,2,75,0,70,1,166700
2023,0,2,75,0,70,1,65000
2022,0,2,50,50,47,2,10000
2022,3,2,75,0,70,1,122000
2023,3,2,75,100,70,1,237000
2023,3,2,75,0,70,1,140000
2023,3,2,75,100,70,1,206500
2022,2,2,75,100,70,1,160000
2021,2,2,69,50,65,0,24823
2023,3,2,75,0,70,1,106800
2022,2,2,75,0,70,1,206000
2023,3,2,75,0,70,1,133000
2023,3,2,75,100,70,1,180000
2023,3,2,75,0,70,1,145000
2023,3,2,75,0,70,1,55000
2022,3,2,75,0,70,1,248700
2022,3,2,75,0,70,1,189650
2023,3,2,75,0,70,1,228000
2022,3,2,75,0,70,1,93800
2022,3,2,29,100,28,1,102663
2022,2,2,57,0,54,1,89306
2023,3,2,75,0,70,1,300000
2022,3,2,75,0,70,1,99000
2023,2,2,75,100,70,1,150000
2023,3,2,75,0,70,1,186000
2023,2,2,75,0,70,1,220000
2022,3,2,75,0,70,1,122000
2023,3,2,75,0,70,1,204500
2022,2,2,75,100,70,1,60000
2022,3,2,75,0,70,1,150000
2023,2,2,75,0,70,1,87000
2023,3,2,75,0,70,1,289800
2023,3,2,75,100,70,1,172600
2022,2,2,75,0,70,1,95000
2023,3,2,11,100,12,1,175000
2023,3,2,75,0,70,1,280000
2023,3,2,75,0,70,1,150000
2023,3,2,75,0,70,1,195000
2023,3,2,75,0,70,0,222200
2023,3,2,75,100,70,1,63000
2023,3,2,75,0,70,1,110000
2022,3,2,75,100,70,1,38000
2023,1,2,75,0,70,1,329500
2023,3,2,75,0,70,1,171600
2022,3,2,75,100,70,1,155000
2023,3,2,75,0,70,0,122900
2022,2,2,29,0,28,1,116976
2023,2,2,75,100,70,1,120000
2022,2,2,25,100,24,1,22800
2022,3,2,75,0,70,1,215000
2022,3,2,75,0,70,0,205600
2022,3,2,75,0,70,1,225000
2023,3,2,75,0,70,1,135000
2023,1,2,75,0,70,1,300000
2022,3,2,20,100,20,1,155499
2021,3,2,20,100,20,1,173762
2022,3,2,75,100,70,1,63000
2022,3,2,75,100,70,1,141525
2022,3,2,75,100,70,1,175000
2022,2,2,75,100,70,1,130000
2022,3,2,75,100,70,1,141525
2022,3,2,75,0,70,1,225000
2022,3,2,75,100,70,1,210000
2023,3,2,75,0,70,1,140000
2023,3,2,75,100,70,1,140000
2023,2,2,75,0,70,1,150000
2022,3,2,75,0,70,1,220110
2022,0,2,28,50,27,0,39925
2022,3,2,75,100,70,1,185000
2023,2,2,75,100,70,1,90000
2021,2,2,75,100,70,0,160000
2023,3,2,75,0,70,1,120000
2023,3,2,75,0,70,1,133800
2022,2,2,75,0,70,1,120000
2022,3,2,75,0,70,1,179400
2023,3,2,75,0,70,1,225000
2022,3,2,75,100,70,1,105000
2023,3,2,75,0,70,1,250000
2023,3,2,75,100,70,1,237000
2021,2,2,39,100,38,0,19609
2022,2,2,75,100,70,1,100000
2022,3,2,28,100,27,1,73546
2023,3,2,75,0,70,1,120000
2023,3,2,75,0,70,1,185900
2022,3,2,75,100,70,1,230000
2023,3,2,75,0,70,1,65488
2022,3,2,75,100,70,0,221300
2022,3,2,75,100,70,1,150000
2021,3,2,75,50,70,0,250000
2022,2,2,26,100,25,1,73546
2022,3,2,75,0,70,1,153600
2023,2,2,75,100,70,1,210000
2023,2,2,26,100,25,1,80000
2022,3,2,75,100,70,1,192600
2022,3,2,75,0,70,1,154000
2022,3,2,75,0,70,1,189650
2023,3,2,75,0,70,1,235000
2022,2,2,75,0,70,1,206000
2023,3,2,75,0,70,1,180000
2023,3,2,75,100,70,1,114000
2023,3,2,75,0,70,1,139500
2023,3,2,75,100,70,1,170500
2023,3,2,75,0,70,1,185900
2023,2,2,75,100,70,1,151410
2022,3,2,75,100,70,0,131300
2022,3,2,75,100,70,1,141525
2022,3,2,75,100,70,1,200000
2023,3,2,75,100,70,1,110000
2022,3,2,75,0,70,1,95000
2023,3,2,75,0,70,1,200000
2023,1,2,75,100,70,1,207000
2023,3,2,75,0,70,1,250000
2023,3,2,75,100,70,1,183500
2023,3,2,75,100,70,1,123600
2023,3,2,75,0,70,1,132300
2023,3,2,75,100,70,1,175000
2022,3,2,75,100,70,1,191475
2022,3,2,75,0,70,1,116000
2023,2,2,75,0,70,1,105000
2021,0,2,39,100,38,1,28399
2023,3,2,75,0,70,1,109400
2022,3,2,75,0,70,1,120000
2023,0,2,75,0,70,1,48000
2023,2,2,29,0,28,1,42533
2023,2,2,75,100,70,1,93918
2023,3,2,75,100,70,1,185000
2023,3,2,75,0,70,1,94300
2022,3,2,75,100,70,1,134000
2023,3,2,75,0,70,1,163800
2022,3,2,75,100,70,1,104000
2022,2,2,75,0,70,1,165000
2023,3,2,75,0,70,1,160000
2022,3,2,75,0,70,1,152000
2022,3,2,75,0,70,1,177000
2022,3,2,75,0,70,1,175000
2023,0,2,75,0,70,1,150000
2023,3,2,75,0,70,1,175000
2022,3,2,75,0,70,1,249500
2022,2,2,75,0,70,1,100000
2022,2,2,9,100,70,0,75000
2023,2,2,75,0,70,1,167500
2022,1,2,75,100,70,1,239000
2022,3,2,75,100,70,1,210000
2023,1,2,75,100,70,1,239000
2022,3,2,75,0,70,1,184100
2021,3,2,75,100,70,1,150000
2022,3,2,37,100,36,0,172309
2023,3,2,75,100,70,1,183500
2022,3,2,75,100,70,1,191475
2022,3,2,75,100,70,0,189500
2023,3,2,75,100,70,1,231500
2022,2,2,31,100,30,2,20000
2023,3,2,75,0,70,1,200000
2023,3,2,26,0,25,1,38631
2023,3,2,75,100,70,1,81666
2022,3,2,75,0,70,1,155000
2023,3,2,75,100,70,1,205000
2023,3,2,75,0,70,1,100706
2023,3,2,75,100,70,1,199000
2023,3,2,75,0,70,1,129300
2022,3,2,75,0,70,1,95000
2022,3,2,75,100,70,1,100000
2022,3,2,75,0,70,1,115000
2023,3,2,75,100,70,1,136850
2022,2,2,75,0,70,1,165000
2022,0,2,29,100,28,1,43096
2023,0,2,75,0,70,0,204620
2022,3,2,75,100,70,1,194000
2023,1,2,75,0,70,1,205000
2023,3,2,75,100,70,1,138750
2022,3,2,75,0,70,1,70000
2022,2,2,75,0,70,1,65000
2023,3,2,75,0,70,0,309400
2022,3,2,75,100,70,1,144000
2022,1,2,75,100,70,1,297500
2022,3,2,75,100,70,1,186000
2022,3,2,75,100,70,1,145000
2023,0,2,75,0,70,1,85000
2023,2,2,75,0,70,1,140000
2022,0,2,75,0,70,1,140250
2022,0,1,7,100,70,2,50000
2023,3,2,75,0,70,1,110600
2023,3,2,75,100,70,1,173000
2022,3,2,75,100,70,0,192000
2022,2,2,29,0,28,1,92350
2023,3,2,75,0,70,1,190000
2023,3,2,75,100,70,1,112000
2023,3,2,11,0,12,1,248100
2022,0,2,20,0,20,0,60938
2023,3,2,75,100,70,1,184000
2022,3,2,75,0,70,1,166700
2023,3,2,75,100,70,1,225000
2022,2,2,75,0,70,1,134000
2022,3,2,75,0,70,1,110000
2023,1,2,75,100,70,1,284000
2021,0,2,39,100,4,2,18053
2022,2,2,29,100,28,1,102200
2021,3,2,39,0,38,0,66265
2022,2,2,20,0,20,1,64090
2023,2,2,75,0,70,1,120000
2022,3,2,75,0,70,1,100000
2023,2,2,75,0,70,1,154000
2020,0,2,57,50,54,0,42000
2021,3,2,75,100,70,0,174000
2022,0,2,39,100,38,1,17805
2022,3,2,75,0,70,1,169000
2022,2,2,75,0,70,1,175000
2023,3,2,75,0,70,1,109400
2023,2,2,75,100,70,1,140000
2023,3,2,75,0,70,1,145000
2022,3,2,75,0,70,0,120000
2022,2,2,75,100,70,1,66100
2023,3,2,75,0,70,0,123700
2023,3,2,29,0,28,1,101228
2022,3,2,75,0,70,1,110600
2023,3,2,37,0,36,1,171250
2023,2,2,75,0,70,1,206000
2022,3,2,26,100,28,0,88256
2022,3,2,75,0,70,1,191200
2023,3,2,75,100,70,1,145000
2022,3,2,75,0,70,1,152000
2022,2,2,75,0,70,1,180000
2022,3,2,29,0,28,1,110820
2022,2,2,31,100,30,1,84053
2022,2,2,63,50,60,0,55685
2023,3,2,11,100,12,1,95000
2023,2,2,75,0,70,1,160000
2023,3,2,75,100,70,1,297300
2022,3,2,75,0,70,1,63000
2022,3,2,75,100,70,1,102100
2022,3,2,75,100,70,1,190000
2022,3,2,75,100,70,1,192000
2022,3,2,75,100,70,0,160000
2023,3,2,75,0,70,1,172200
2023,2,2,39,100,20,2,69751
2022,3,2,29,0,28,1,86193
2022,3,2,75,100,70,1,68400
2023,3,2,75,100,70,1,285800
2022,3,2,75,0,70,0,108000
2022,2,2,75,0,70,1,130000
2023,2,2,75,0,70,1,80000
2022,3,2,75,100,70,1,191475
2022,1,2,75,100,70,1,130000
2023,3,2,75,100,70,1,80000
2023,3,2,75,100,70,1,185000
2022,2,2,75,0,70,2,58000
2023,3,2,75,0,70,1,105500
2023,3,2,75,0,70,1,160000
2022,2,2,20,100,20,2,50432
2022,3,2,75,100,70,1,243000
2023,3,2,75,0,70,1,223800
2021,0,2,75,100,70,1,70000
2023,3,2,75,0,70,1,245100
2022,3,2,75,100,70,0,140100
2022,3,2,75,0,70,1,130240
2023,2,2,75,0,70,1,124000
2023,3,2,75,100,70,1,172500
2023,3,2,75,0,70,1,185900
2022,3,2,55,100,70,1,200000
2022,3,2,75,0,70,1,63000
2023,3,2,75,0,70,1,170000
2023,3,2,75,0,70,1,81500
2022,0,2,75,0,70,1,160000
2023,3,2,75,0,70,1,250000
2022,3,2,75,0,70,1,153600
2022,3,2,75,100,70,1,90320
2021,3,2,63,50,60,0,60757
2022,2,2,29,0,28,1,61566
2022,2,2,75,0,70,1,99100
2022,0,2,75,50,20,1,50000
2023,3,2,75,0,70,1,147100
2022,3,2,75,100,70,1,100000
2022,3,2,75,0,70,1,190000
2022,3,2,75,0,70,1,145000
2023,1,2,75,0,70,1,145000
2023,3,2,75,0,70,1,185000
2022,3,2,75,100,70,1,95000
2023,2,2,29,0,28,1,43809
2023,1,2,75,0,70,1,200000
2023,2,2,75,0,70,1,183310
2023,3,2,75,0,70,1,154000
2022,3,2,75,100,70,0,380000
2022,3,2,29,0,28,1,73880
2022,3,2,75,0,70,1,123000
2022,3,2,75,100,70,1,146000
2022,3,2,75,100,70,1,206000
2023,0,2,46,50,70,0,50000
2022,3,2,75,0,70,1,170000
2022,2,2,39,50,38,0,35610
2023,2,2,75,0,70,1,250000
2023,0,2,56,100,53,0,30000
2023,2,2,75,0,70,1,146000
2022,2,2,29,100,28,1,67723
2023,2,2,75,0,70,1,130000
2022,3,2,75,100,70,0,195400
2022,0,2,75,100,70,0,180000
2022,3,2,75,100,70,1,99750
2023,2,2,75,0,70,1,130000
2023,3,2,75,0,70,1,272000
2023,3,2,75,100,70,1,85000
2023,2,2,75,0,70,1,80000
2023,3,2,75,0,70,1,175000
2023,3,2,75,100,70,1,156000
2023,3,2,75,0,70,1,120000
2022,3,2,75,100,70,1,100000
2022,3,2,26,0,25,1,36773
2023,1,2,75,0,70,1,140000
2023,1,2,29,0,28,1,127467
2023,2,2,75,0,70,1,75000
2022,3,2,75,0,70,1,80000
2023,1,2,75,0,70,1,314100
2022,3,2,75,100,70,1,123000
2023,2,2,39,50,64,1,17509
2023,3,2,75,100,70,1,163625
2022,2,2,28,100,27,1,52533
2023,3,2,75,0,70,0,105700
2022,2,2,75,0,70,1,63900
2023,3,2,26,0,25,1,169200
2023,2,2,75,100,70,1,140000
2023,2,2,75,0,70,1,120000
2020,2,2,20,100,20,2,59303
2022,2,1,11,100,70,1,100000
2022,2,0,9,50,9,1,7500
2023,3,2,75,100,70,1,139000
2023,3,2,75,0,70,1,109400
2023,3,2,75,100,70,1,153600
2022,3,2,75,100,70,1,63000
2022,2,2,75,0,70,1,155000
2022,3,2,75,0,70,0,229998
2022,3,2,75,100,70,1,167000
2022,3,2,75,100,70,1,197430
2023,3,2,75,0,70,0,342300
2023,3,2,75,0,70,1,90000
2023,2,2,29,0,28,1,103294
2023,2,2,75,0,70,1,200000
2023,3,2,75,0,70,1,153300
2023,3,2,75,0,70,1,252000
2023,3,2,75,0,70,1,108000
2023,3,2,75,0,70,1,124500
2020,0,2,20,50,20,2,62726
2022,3,2,75,0,70,1,172200
2022,0,2,75,0,70,1,135000
2022,2,2,75,0,70,1,130000
2022,3,2,75,0,70,1,120000
2023,3,2,75,0,70,1,225000
2023,3,2,75,100,70,1,120000
2023,3,2,75,0,70,1,175000
2021,3,2,39,100,38,0,24342
2022,1,2,75,100,70,1,157000
2023,2,2,75,50,70,0,219000
2022,2,2,29,100,28,1,73880
2022,3,2,75,100,70,1,101570
2022,3,2,75,100,70,1,150075
2023,3,2,75,0,70,1,100500
2023,3,2,75,0,70,1,120000
2023,2,2,75,0,70,1,64500
2021,2,2,68,50,64,0,89294
2023,2,2,75,100,70,0,130000
2023,3,2,75,0,70,1,140000
2021,2,2,28,50,27,2,56738
2022,0,2,75,0,70,1,85000
2021,0,3,21,50,21,0,19073
2022,3,2,75,0,70,1,250000
2022,2,2,29,100,28,1,55410
2022,3,2,75,0,70,1,140000
2023,3,2,75,100,70,1,142000
2023,3,2,75,0,70,1,81500
2023,3,2,75,100,70,1,75000
2023,3,2,75,0,70,1,125600
2023,3,2,75,100,70,1,135000
2023,3,2,75,0,70,1,165000
2022,0,2,75,50,70,0,130000
2022,3,2,75,100,70,1,198200
2023,3,2,75,100,70,1,265000
2023,3,2,75,100,70,1,110000
2022,3,2,75,0,70,1,154560
2022,2,2,75,100,70,1,50000
2022,3,2,75,0,70,1,106800
2023,3,2,75,100,70,1,150000
2023,3,2,75,100,70,1,180000
2022,3,2,75,0,70,0,198440
2021,3,2,10,100,70,2,160000
2022,3,2,75,100,70,1,175100
2023,0,2,75,0,70,1,135000
2022,3,2,75,0,70,1,129300
2020,0,2,63,100,60,1,22809
2023,3,2,75,100,70,1,198200
2023,0,2,75,100,70,1,75000
2023,2,2,75,0,70,1,130000
2022,3,2,75,0,70,1,203500
2022,3,2,26,0,25,1,36773
2023,3,2,75,0,70,1,126000
2022,3,2,75,0,70,1,129300
2023,3,2,75,0,70,1,75000
2022,3,2,11,0,12,1,110000
2023,2,2,75,100,70,1,200000
2023,2,2,68,100,64,0,75020
2020,3,2,34,100,33,2,45618
2023,3,2,75,100,70,1,95000
2022,2,2,29,100,28,1,92350
2022,3,2,26,0,25,1,37824
2022,3,2,75,0,70,1,216200
2023,3,2,75,0,70,1,147100
2023,3,2,75,100,70,1,125000
2022,2,2,75,100,70,1,130000
2023,3,2,75,0,70,1,205920
2022,3,2,75,0,70,1,169000
2023,3,2,75,0,70,1,247500
2023,3,2,75,0,70,1,170000
2022,2,2,75,100,70,1,140000
2022,3,2,75,0,70,1,164996
2022,3,2,75,0,70,1,63000
2023,0,2,75,0,70,1,150000
2023,3,2,75,0,70,1,204500
2021,2,2,29,50,28,0,116914
2023,2,2,75,0,70,1,175000
2022,3,2,26,0,25,1,50432
2023,3,2,75,100,70,1,198200
2020,1,2,75,100,70,0,325000
2022,3,2,75,0,70,1,300000
2023,3,2,26,0,25,1,48289
2023,3,2,75,0,70,1,210000
2022,3,2,75,100,70,1,180000
2023,0,2,75,0,70,1,85000
2022,3,2,75,100,70,1,155000
2022,3,2,75,0,70,1,179500
2021,3,2,75,100,70,1,200000
2023,0,2,75,0,70,1,65000
2023,3,2,75,0,70,1,150000
2022,2,2,29,0,28,1,104663
2022,3,2,75,0,70,1,185900
2023,2,2,75,100,70,1,75000
2022,3,2,75,0,70,1,99000
2023,3,2,75,100,70,1,93919
2022,3,2,75,100,70,0,125000
2023,3,2,75,0,70,1,139500
2022,3,2,75,0,70,1,136000
2021,2,2,39,100,38,2,16904
2022,3,2,75,100,70,1,138750
2022,0,2,52,0,49,2,6304
2023,2,2,75,0,70,1,130000
2022,1,2,75,100,70,1,187200
2022,3,2,75,0,70,1,112900
2022,3,2,75,100,70,1,140000
2022,3,2,75,100,70,1,208775
2023,3,2,75,100,70,1,122000
2023,3,2,75,100,70,1,250000
2023,2,2,75,100,70,1,160000
2022,0,2,39,50,38,1,22892
2022,3,2,75,0,70,1,145000
2022,2,2,29,50,28,0,128058
2022,3,2,75,100,70,1,195000
2022,0,2,75,100,70,1,100000
2023,3,2,29,100,28,1,138000
2022,3,2,75,100,70,1,140000
2022,1,2,75,0,70,1,175100
2023,2,2,75,0,70,1,160000
2023,1,2,75,0,70,1,155000
2023,3,2,75,100,70,1,104000
2023,1,2,75,0,70,1,196200
2023,2,2,75,100,70,1,150000
2023,0,2,75,0,70,1,90000
2022,0,2,13,100,14,2,56536
2023,3,2,75,100,70,1,237000
2022,3,2,75,100,70,1,210000
2023,3,2,75,100,70,1,185000
2022,3,2,75,100,70,1,175000
2022,2,2,75,100,70,1,144200
2020,2,2,75,100,70,0,85000
2023,3,2,75,0,70,1,185000
2022,3,2,75,100,70,1,191475
2022,3,2,75,100,70,1,99360
2022,2,2,75,0,70,1,120000
2023,2,2,75,0,70,1,185700
2022,2,2,54,100,51,0,30000
2023,0,2,39,100,70,1,50000
2023,3,2,75,100,70,1,130000
2022,3,2,26,0,25,1,47280
2023,3,2,75,0,70,1,195000
2023,3,2,75,0,70,1,265000
2023,2,2,29,0,28,1,72914
2023,3,2,75,0,70,1,170000
2020,0,0,75,100,70,0,100000
2021,0,2,40,50,39,2,100000
2022,3,2,75,100,70,1,110000
2022,3,2,75,100,70,1,140000
2023,0,2,75,0,70,1,135000
2022,3,2,70,100,66,2,12608
2022,3,2,75,100,70,1,130000
2022,2,2,26,100,25,1,63040
2023,3,2,75,100,70,1,110000
2023,2,2,28,50,27,1,64385
2022,3,2,75,0,70,0,230000
2023,3,2,75,100,70,1,75000
2023,2,2,75,100,70,1,124000
2022,3,2,75,100,70,1,196000
2023,3,2,75,0,70,1,140000
2023,0,2,75,100,70,1,71907
2022,2,2,75,100,70,1,60000
2022,3,2,75,0,70,0,100000
2023,0,2,75,0,70,1,160000
2023,2,2,75,0,70,1,85000
2023,3,2,75,0,70,1,168400
2022,3,2,75,100,70,0,180000
2021,1,2,20,50,20,1,130026
2021,2,2,75,100,70,0,170000
2022,3,2,75,100,70,1,105000
2022,2,2,31,100,30,1,42026
2023,3,2,75,100,70,1,142000
2022,0,2,75,100,70,0,80000
2023,3,2,75,0,70,1,113000
2022,2,2,75,0,70,1,90000
2023,3,2,75,100,70,1,238000
2021,2,2,11,100,12,0,187442
2023,3,2,75,0,70,1,200000
2023,3,2,75,0,70,1,180000
2023,3,2,75,100,70,1,183500
2022,3,2,75,0,70,1,130000
2022,3,2,75,0,70,1,159699
2022,3,2,75,0,70,1,180000
2022,2,2,75,0,70,1,150000
2022,3,2,75,0,70,1,180000
2023,3,2,75,0,70,1,252000
2022,2,2,75,0,70,1,141300
2022,0,2,75,100,70,0,150000
2023,3,2,75,0,70,1,200000
2023,3,2,75,100,70,1,64000
2022,3,2,75,0,70,1,213000
2023,1,2,75,100,70,1,239000
2022,0,2,75,100,70,0,86000
2023,2,2,75,100,70,1,100000
2022,3,2,75,100,70,1,90320
2022,3,2,75,0,70,1,145300
2021,1,2,75,100,70,0,235000
2023,3,2,75,0,70,1,142200
2023,3,2,75,100,70,1,202000
2023,2,2,75,100,70,1,100000
2022,3,2,75,0,70,1,148800
2022,0,3,23,50,22,1,100000
2022,3,2,75,0,70,0,115000
2022,0,2,75,0,70,1,73000
2023,2,2,29,0,28,1,51039
2023,3,2,75,100,70,1,200000
2023,2,2,75,0,70,1,100000
2023,3,2,75,0,70,1,170000
2023,2,2,75,100,70,1,116990
2023,3,2,75,100,70,1,170000
2023,2,2,37,0,36,1,96578
2023,3,2,75,0,70,1,126500
2023,3,2,75,100,70,1,186000
2022,3,2,28,50,27,0,57786
2023,3,2,75,0,70,1,115000
2023,3,2,75,0,70,1,239748
2022,2,2,29,100,28,1,73880
2023,3,2,75,100,70,1,115000
2023,3,2,75,0,70,1,129300
2022,3,2,75,100,70,1,164000
2023,3,2,75,100,70,1,146000
2022,2,2,75,100,70,1,100000
2021,0,2,75,50,70,2,55000
2023,3,2,75,0,70,1,120000
2023,2,2,75,0,70,1,150000
2022,2,2,61,100,58,0,33609
2022,3,2,75,100,70,1,104000
2023,3,2,75,0,70,1,163800
2022,2,2,39,100,38,0,14307
2023,3,2,75,0,70,1,175000
2023,3,2,75,0,70,1,179820
2023,3,2,75,0,70,1,225000
2022,3,2,75,100,70,1,210000
2022,3,2,75,100,70,1,150000
2020,2,2,75,100,70,0,87000
2023,3,2,75,100,70,1,186300
2023,3,2,75,0,70,1,240000
2023,3,2,75,100,70,1,152900
2022,0,2,17,50,70,1,20000
2022,3,2,75,0,70,1,144100
2022,2,2,57,50,54,0,73546
2022,1,2,75,100,70,2,200000
2023,3,2,75,100,70,1,212750
2022,2,2,66,100,70,2,48000
2023,3,2,75,0,70,1,185900
2023,2,2,29,0,28,1,97218
2023,3,2,75,0,70,1,252000
2023,3,2,75,0,70,1,180000
2023,2,2,75,0,70,1,183310
2023,3,2,11,100,12,1,120000
2022,2,2,75,0,70,1,193900
2023,2,2,71,50,67,0,24740
2022,2,2,73,50,68,1,25000
2022,3,2,75,0,70,1,100000
2022,3,2,75,100,70,0,177600
2020,0,2,39,0,38,2,6072
2022,3,2,75,100,70,1,182000
2022,0,2,75,50,70,0,115000
2023,3,2,75,100,70,1,202000
2023,2,2,54,100,51,1,72000
2023,3,2,75,0,70,1,130000
2023,3,2,75,0,70,1,175000
2022,3,2,75,0,70,1,110000
2022,3,2,75,0,70,1,110600
2022,3,2,75,0,70,1,130000
2022,2,2,75,0,70,1,120000
2023,2,2,75,0,70,1,60000
2022,2,2,75,0,70,1,90000
2023,0,2,20,50,20,1,42923
2023,3,2,75,100,70,1,275300
2023,3,2,75,0,70,1,121700
2022,3,2,75,100,70,1,161500
2022,3,2,75,100,70,1,130000
2022,3,2,75,0,70,1,155000
2023,3,2,75,0,70,1,85000
2023,3,2,75,100,70,1,81500
2023,0,2,10,100,10,0,19522
2022,3,2,75,100,70,1,210000
2022,3,2,75,0,70,1,75000
2022,0,3,75,100,70,2,34320
2022,3,2,75,100,70,0,178800
2023,3,2,75,100,70,1,105000
2022,2,2,10,100,10,1,78000
2022,2,2,29,0,28,1,104663
2023,2,2,75,100,70,1,150000
2023,2,2,75,0,70,1,112000
2023,2,2,75,0,70,1,162500
2022,3,2,75,0,70,1,90000
2021,2,2,61,100,58,0,28476
2022,3,2,75,100,70,1,165000
2023,2,2,75,0,70,1,106500
2022,3,2,75,0,70,1,180000
2023,3,2,75,100,70,1,275300
2022,2,2,75,0,70,1,150000
2022,3,2,75,100,70,1,190000
2023,2,2,75,0,70,1,143865
2022,3,2,27,50,26,2,63040
2022,0,3,26,100,70,0,25216
2020,0,2,28,0,27,1,39916
2022,3,2,75,100,70,0,92000
2022,3,2,75,100,70,1,90320
2023,3,2,75,0,70,1,191765
2022,3,2,75,0,70,1,164000
2023,3,2,75,0,70,1,172200
2023,3,2,75,0,70,1,112000
2022,3,2,75,0,70,0,104300
2023,2,2,75,100,70,1,70000
2022,3,2,75,100,70,1,99450
2023,3,2,75,100,70,1,140000
2022,3,2,75,100,70,1,141525
2023,3,2,11,0,12,1,258000
2022,3,2,75,100,70,1,148000
2021,2,2,73,0,68,1,12103
2023,0,2,20,100,20,0,26827
2023,3,2,75,0,70,1,135000
2021,2,2,64,0,70,0,26005
2023,3,2,75,0,70,1,272550
2022,2,2,39,100,38,0,13989
2022,3,2,75,0,70,1,165000
2023,3,2,75,0,70,1,252000
2021,0,2,48,100,45,0,59102
2022,3,2,75,100,70,1,201000
2022,0,2,10,100,10,0,6270
2023,3,2,54,100,51,1,90000
2021,2,2,51,0,48,2,18000
2023,2,2,75,0,70,1,300000
2023,3,2,75,0,70,1,180000
2023,3,2,75,0,70,1,129300
2023,2,2,75,0,70,1,145000
2022,3,2,75,100,70,1,100000
2023,2,2,75,100,70,1,52500
2023,3,2,75,100,70,1,190000
2023,3,2,75,0,70,1,136000
2022,3,2,75,0,70,1,185900
2022,0,2,60,0,57,1,20000
2023,3,2,75,0,70,1,140000
2021,2,2,75,100,70,1,150000
2021,2,2,29,50,28,0,72212
2022,3,2,75,100,70,1,236600
2022,0,2,75,100,70,1,168000
2022,0,2,75,100,70,1,180000
2022,0,2,20,50,20,0,66192
2023,3,2,75,0,70,1,167580
2022,2,2,29,0,28,1,49253
2023,3,2,75,0,70,1,90700
2020,0,2,39,100,38,0,13493
2020,2,2,26,100,25,1,38776
2023,3,2,75,0,70,1,143860
2023,1,2,75,0,70,1,115500
2022,3,2,75,100,70,1,210000
2022,1,2,75,0,70,1,260500
2021,2,2,26,100,25,2,47282
2023,3,2,75,100,70,1,205600
2023,3,2,75,0,70,1,186000
2022,3,2,75,100,70,1,191475
2022,3,2,75,100,70,1,300000
2023,1,2,75,0,70,1,167500
2022,3,2,75,100,70,1,115934
2023,3,2,75,0,70,1,115000
2022,2,2,75,0,70,1,150000
2022,2,2,29,0,28,1,61566
2023,3,2,75,0,70,1,141600
2022,3,2,75,0,70,1,100000
2021,3,2,75,0,70,1,165000
2022,3,2,63,0,60,1,63040
2022,3,2,75,100,70,1,192500
2023,3,2,75,0,70,1,129300
2022,3,2,75,100,70,1,135000
2023,3,2,75,100,70,1,86466
2023,2,2,75,0,70,1,146000
2023,2,2,75,0,70,1,155000
2021,3,2,10,0,10,1,18907
2022,3,2,75,100,70,1,190000
2021,0,2,39,50,38,1,21637
2023,3,2,75,0,70,1,190000
2021,2,2,44,50,42,2,63711
2023,3,2,75,100,70,1,160000
2023,3,2,75,0,70,1,139500
2023,0,2,75,0,70,1,160000
2022,3,2,75,100,70,1,126500
2022,0,2,75,50,70,0,48000
2021,2,2,75,50,70,0,147000
2023,3,2,75,100,70,1,170000
2021,2,2,75,100,70,0,200000
2022,3,2,75,100,70,1,141525
2023,3,2,49,0,46,1,77262
2023,3,2,75,0,70,1,115000
2023,2,2,29,0,28,0,72914
2023,3,2,75,0,70,1,250000
2022,2,2,75,0,70,2,58000
2022,3,2,75,100,70,1,142800
2021,0,2,39,100,38,0,16228
2023,2,2,29,0,28,1,48609
2022,2,2,61,100,58,2,44365
2022,3,2,75,0,70,1,152000
2022,3,2,75,100,70,1,246000
2022,3,2,26,0,25,1,42026
2023,3,2,75,100,70,1,185000
2021,2,2,29,50,12,0,54238
2022,3,2,75,0,70,1,145000
2022,1,2,11,100,12,2,115222
2022,3,2,75,100,70,1,112900
2023,3,2,75,0,70,1,105500
2023,3,2,75,0,70,1,165000
2023,3,2,18,50,23,0,63312
2022,2,2,75,100,70,0,155000
2023,3,2,75,0,70,1,180000
2023,2,2,29,0,28,1,72914
2023,2,2,75,0,70,1,145000
2023,3,2,75,100,70,1,170000
2022,3,2,75,100,70,1,93700
2022,3,2,75,0,70,1,130000
2022,3,2,26,0,25,1,68293
2023,3,2,75,0,70,1,135000
2023,1,2,75,100,70,1,239000
2022,3,2,75,0,70,1,130000
2022,3,2,75,100,70,1,250000
2023,3,2,75,100,70,1,84000
2022,3,2,75,0,70,1,115934
2021,0,2,75,100,70,0,80000
2022,3,2,75,100,70,1,115934
2022,0,2,4,50,5,1,50000
2021,0,2,75,100,70,0,225000
2022,3,2,75,100,70,1,109280
2023,3,2,75,0,70,1,114500
2022,3,2,75,0,70,1,102000
2023,2,2,29,0,28,1,60761
2022,3,2,75,0,70,1,250000
2022,3,2,75,100,70,1,135000
2023,3,2,75,0,70,1,95000
2021,3,2,75,0,70,0,135000
2023,3,2,75,0,70,1,139500
2022,3,2,75,100,70,1,100000
2021,0,2,75,100,70,1,80000
2023,3,2,75,0,70,1,115440
2023,3,2,75,0,70,1,200000
2023,3,2,75,0,70,1,172100
2022,0,2,11,0,12,1,52000
2023,3,2,75,0,70,1,145000
2022,2,2,75,0,70,1,95000
2022,3,2,75,0,70,1,149850
2022,3,2,75,0,70,1,260000
2023,3,2,75,100,70,1,166000
2023,3,2,75,0,70,1,126000
2021,2,2,75,0,70,0,73000
2022,3,2,75,100,70,1,150000
2022,3,2,75,100,70,1,153600
2021,2,2,75,100,70,0,110000
2022,3,2,75,0,70,1,95000
2022,2,2,75,100,70,1,158000
2023,3,2,75,0,70,1,317070
2022,2,2,75,100,70,1,150000
2023,3,2,75,100,70,1,130000
2022,3,2,75,100,70,1,66000
2022,2,2,29,0,28,1,43096
2023,3,2,75,100,70,1,212200
2023,2,2,75,0,70,1,100000
2022,3,2,75,100,70,1,150000
2023,3,2,75,0,70,1,138900
2022,0,2,29,100,28,1,61566
2021,0,2,75,100,70,2,90000
2022,3,2,75,0,70,1,195700
2022,2,2,29,100,28,1,67723
2023,3,2,75,100,70,0,170000
2023,3,2,75,0,70,1,291500
2022,1,2,11,50,12,0,192037
2022,3,2,75,0,70,1,150000
2022,3,2,75,100,70,1,140000
2023,0,2,75,100,70,1,85000
2023,2,2,75,0,70,1,80000
2022,0,2,29,100,28,1,49253
2023,3,2,75,0,70,1,134024
2022,3,2,28,100,27,1,115573
2022,3,2,75,100,70,1,80000
2022,3,2,75,100,70,1,192000
2022,3,2,75,0,70,1,141300
2023,2,2,75,0,70,1,200000
2022,3,2,75,100,70,1,70000
2022,3,2,75,100,70,1,193750
2023,3,2,75,0,70,1,162000
2023,2,2,26,0,25,1,48289
2023,3,2,75,100,70,1,90000
2023,3,2,75,100,70,1,188800
2022,2,2,75,0,70,1,106260
2023,3,2,28,50,27,2,53654
2023,3,2,75,0,70,1,146300
2022,3,2,75,0,70,1,172200
2023,3,2,75,0,70,1,240000
2023,3,2,75,0,70,1,85000
2023,3,2,75,0,70,0,72000
2020,2,2,39,0,38,0,40481
2023,3,2,75,0,70,1,165750
2020,3,2,75,100,70,2,190000
2023,1,2,75,100,70,1,310000
2023,2,2,75,0,70,1,105000
2021,3,2,75,0,70,0,220000
2022,3,2,75,0,70,1,225000
2021,3,2,75,100,70,1,120000
2023,3,2,75,0,70,1,198200
2023,3,2,75,0,70,1,153600
2023,3,2,75,0,70,1,122000
2022,0,2,75,0,70,1,160000
2023,3,2,75,100,70,1,149040
2023,2,0,75,100,70,2,30000
2022,3,2,11,0,12,1,178000
2023,3,2,75,0,70,1,160000
2021,2,2,20,50,5,1,61467
2022,3,2,75,100,70,1,126000
2023,3,2,75,0,70,1,150000
2022,3,2,75,100,70,1,165400
2022,0,2,60,100,20,1,55475
2021,2,2,19,50,19,0,69999
2023,2,2,75,100,70,1,95000
2021,2,2,35,50,70,0,36259
2022,3,2,75,0,70,1,52500
2023,3,2,75,100,70,1,84000
2022,3,2,75,100,70,1,210000
2023,2,2,75,0,70,1,126277
2022,3,2,75,100,70,1,243900
2021,0,2,75,50,70,0,58000
2023,3,2,75,100,70,1,234100
2022,3,2,57,100,54,0,59888
2022,3,2,75,100,70,1,144000
2023,3,2,75,0,70,1,275000
2023,2,2,75,0,70,1,160000
2023,0,2,77,0,71,0,12000
2021,0,3,60,100,70,1,12000
2023,3,2,75,100,70,1,86000
2023,3,2,75,0,70,1,106020
2023,3,2,75,0,70,1,152000
2023,3,2,75,100,70,1,90000
2023,2,2,75,0,70,1,140000
2022,0,2,75,100,70,2,65000
2023,3,2,75,0,70,1,225900
2023,3,2,75,100,70,1,187500
2022,2,2,10,100,10,1,9289
2022,3,2,75,100,70,1,141525
2022,3,2,56,100,53,2,200000
2023,3,2,75,0,70,1,149076
2023,3,2,75,100,70,1,165000
2023,3,2,75,0,70,1,199000
2022,2,2,75,100,70,1,167000
2022,3,2,26,0,25,1,68293
2022,3,2,75,100,70,1,165400
2023,3,2,75,0,70,1,141290
2020,3,2,11,50,12,0,117104
2022,3,2,26,0,25,1,36773
2023,3,2,75,0,70,1,130000
2023,3,2,75,100,70,1,180000
2023,3,2,75,0,70,1,204500
2020,2,2,75,100,70,0,135000
2020,2,2,60,50,57,0,8000
2023,3,2,75,0,70,1,225000
2023,3,2,75,0,70,1,82365
2023,2,2,75,0,70,1,155000
2022,3,2,75,100,70,1,180000
2021,0,2,39,100,38,1,12171
2023,3,2,75,0,70,1,145000
2022,3,2,75,100,70,1,155000
2022,3,2,75,100,70,1,175000
2022,3,2,75,0,70,1,85700
2023,0,2,75,0,70,1,160000
2022,2,2,29,0,28,1,92350
2022,3,2,75,100,70,0,209100
2023,3,2,75,0,70,1,310000
2023,3,2,75,0,70,1,169000
2022,3,2,75,50,70,2,165000
2023,3,2,75,0,70,1,106800
2023,2,2,75,0,70,1,90000
2022,2,2,29,0,28,1,73880
2023,3,2,75,100,70,1,198200
2022,3,2,75,100,70,1,190000
2021,3,2,75,100,70,0,200000
2021,2,2,75,100,70,1,90000
2022,3,2,75,0,70,1,175000
2022,3,2,57,0,54,0,133000
2022,3,2,75,0,70,1,120000
2023,0,2,75,0,70,1,163196
2023,2,2,75,0,70,1,140000
2023,2,2,75,0,70,1,151000
2022,1,2,75,100,70,1,175000
2022,3,2,75,100,70,0,195400
2023,3,2,75,0,70,1,110000
2022,3,2,28,50,27,0,84053
2021,3,2,59,100,56,2,50000
2022,3,2,75,0,70,1,120000
2023,3,2,75,0,70,1,124740
2023,2,2,75,0,70,1,130000
2023,0,2,75,100,70,1,60000
2022,3,2,75,100,70,1,101570
2023,3,2,75,0,70,1,139500
2023,2,2,75,0,70,1,125000
2022,2,2,75,100,70,1,100000
2021,2,2,75,100,70,0,80000
2022,3,2,11,100,12,1,61300
2023,3,2,75,0,70,1,139500
2022,2,2,75,100,70,1,108000
2023,2,2,1,0,2,2,50000
2022,3,2,75,100,70,1,180000
2023,3,2,75,100,70,1,160000
2023,2,2,75,100,70,1,95000
2022,3,2,75,0,70,1,130500
2022,2,2,29,0,28,1,92350
2022,3,2,75,100,70,1,210000
2022,3,2,75,0,70,1,70000
2023,2,2,11,100,12,1,100000
2023,3,2,75,0,70,1,250000
2022,3,2,75,0,70,1,245000
2023,3,2,75,0,70,1,175000
2020,0,2,39,100,38,0,13493
2022,3,2,75,100,70,1,93700
2022,2,2,75,100,70,1,134000
2023,3,2,11,100,12,1,260000
2022,3,2,11,100,12,1,248400
2023,3,2,75,100,70,1,200000
2022,3,2,75,0,70,1,100000
2022,3,2,75,0,70,1,185400
2022,3,2,75,0,70,1,130000
2022,2,2,29,100,28,1,131752
2022,3,2,63,0,60,1,36773
2021,0,2,20,100,20,2,76833
2023,2,2,29,100,28,1,75344
2023,3,2,75,0,70,1,202353
2022,3,2,75,0,70,1,185900
2023,3,2,75,100,70,1,145000
2023,2,2,75,100,70,1,175000
2023,2,2,75,0,70,0,68000
2022,3,2,75,100,70,1,225000
2023,3,2,75,0,70,1,110000
2023,3,2,75,100,70,1,146000
2022,3,2,75,100,70,0,160000
2023,3,2,75,0,70,1,140000
2022,3,2,75,100,70,1,132000
2022,3,2,75,0,70,1,119000
2023,3,2,75,0,70,1,160000
2023,3,2,75,0,70,1,115000
2022,2,2,10,100,10,1,54000
2023,3,2,75,0,70,1,238000
2022,3,2,75,100,70,1,129400
2023,3,2,75,0,70,1,109400
2022,3,2,75,100,70,1,160000
2023,0,2,26,0,25,1,21461
2023,3,2,75,0,70,1,145000
2022,2,2,75,100,70,1,160000
2023,3,2,75,100,70,1,276000
2022,3,2,75,100,70,1,107000
2023,3,2,75,0,70,1,252000
2023,3,2,75,0,70,1,87980
2023,3,2,75,0,70,1,252000
2023,2,2,75,100,70,1,51962
2022,3,2,75,100,70,1,141525
2022,3,2,75,100,70,1,185000
2023,3,2,75,0,70,1,105200
2023,2,2,75,0,70,1,125000
2021,0,2,75,100,70,2,90000
2023,3,2,75,0,70,1,252000
2022,3,2,75,100,70,1,266400
2023,3,2,75,100,70,1,106800
2022,3,2,75,100,70,1,231250
2023,3,2,75,0,70,1,204500
2022,3,2,75,100,70,1,182750
2023,3,2,75,100,70,1,115000
2023,3,2,75,0,70,1,168400
2023,3,2,75,0,70,1,174500
2022,2,2,75,100,70,1,60000
2022,3,2,75,0,70,1,110600
2023,3,2,75,0,70,0,136000
2023,3,2,75,100,70,1,85000
2023,3,2,75,100,70,1,200000
2022,3,2,75,0,70,1,129300
2022,0,2,75,100,70,0,120000
2023,2,2,75,0,70,1,100000
2022,3,2,28,100,28,0,77119
2022,2,2,4,0,5,0,61989
2023,3,2,75,0,70,1,210000
2022,3,2,75,100,70,1,81666
2022,3,2,75,100,70,1,300000
2022,0,1,41,100,40,1,100000
2023,3,2,75,0,70,1,184590
2022,3,2,75,100,70,0,130000
2022,3,2,75,0,70,1,230400
2021,0,2,75,100,70,1,50000
2023,3,2,75,100,70,1,160000
2022,3,2,75,0,70,1,130500
2023,2,2,75,0,70,1,130000
2022,3,2,26,0,25,1,47280
2023,3,2,75,0,70,1,126000
2022,3,2,75,0,70,1,63000
2022,3,2,75,0,70,1,185900
2022,3,2,75,100,70,1,80000
2022,3,2,75,0,70,1,193900
2022,0,2,75,50,70,0,50000
2023,3,2,75,0,70,0,239000
2022,3,2,75,100,70,1,194000
2022,3,2,75,0,70,1,156400
2023,3,2,75,0,70,1,129000
2022,2,2,75,0,70,1,90000
2023,3,2,75,100,70,1,51962
2022,3,2,75,0,70,1,110600
2022,2,2,31,100,30,1,84053
2022,3,2,75,100,70,1,196000
2023,3,2,75,100,70,1,107900
2021,3,2,28,50,27,0,53192
2022,2,2,29,100,28,1,98506
2023,0,2,6,50,7,2,120000
2022,3,2,75,100,70,1,179400
2023,3,2,75,100,70,1,200000
2021,2,2,65,100,20,2,25532
2022,3,2,75,0,70,1,204500
2023,2,2,75,0,70,1,85000
2021,3,2,75,100,70,0,185000
2022,3,2,75,100,70,1,128000
2022,3,2,75,100,70,1,135000
2023,3,2,75,0,70,1,140000
2023,3,2,75,100,70,1,160000
2023,3,2,75,100,70,1,175000
2022,0,2,14,100,70,0,105000
2021,3,2,8,100,70,2,80000
2022,3,2,26,0,25,1,37824
2022,3,2,75,0,70,1,115000
2023,3,2,75,0,70,1,126000
2023,3,2,75,100,70,1,100000
2020,0,2,75,100,70,0,72000
2022,3,2,75,100,70,1,191475
2023,0,2,75,0,70,1,150000
2022,3,2,75,0,70,1,146000
2023,3,2,20,0,20,1,275000
2022,3,2,75,100,70,1,110925
2023,3,2,75,100,70,1,160000
2023,3,2,75,0,70,1,110600
2022,3,2,75,100,70,1,138750
2023,2,2,75,0,70,1,140000
2023,3,2,75,100,70,1,180000
2022,3,2,75,0,70,1,184100
2022,3,2,75,100,70,1,140000
2021,2,2,77,100,70,1,38400
2023,3,2,75,100,70,1,136000
2022,2,2,75,0,70,1,145000
2023,3,2,29,0,28,1,195652
2022,3,2,75,100,70,1,100000
2023,3,2,75,100,70,1,196000
2023,2,2,75,0,70,1,140000
2021,0,3,10,100,70,2,12000
2022,3,2,75,0,70,1,250000
2022,3,2,75,0,70,1,81666
2022,2,2,24,100,23,2,31520
2022,3,2,75,0,70,1,204500
2023,2,2,75,0,70,1,109000
2023,3,2,75,0,70,1,145000
2023,3,2,75,0,70,1,106800
2023,2,2,75,0,70,1,106500
2022,3,2,29,0,28,1,70186
2023,3,2,75,100,70,1,167200
2022,3,2,75,100,70,0,148700
2023,3,2,75,0,70,1,192000
2023,3,2,75,100,70,1,150000
2023,3,2,75,0,70,1,180180
2023,1,2,75,100,70,1,310000
2021,2,2,28,50,27,1,62649
2022,2,2,28,100,20,1,84053
